ticket_id,date,machine_id,technician_id,customer_id,priority,issue_type,status,resolution_hours,first_time_fix,cost_eur
70001,2024-12-08,1031,507,4,Medium,Mechanical,Resolved,3.0,No,285.17
70002,2024-12-03,1007,501,7,Medium,Sensor,Resolved,6.7,Yes,609.19
70003,2024-05-07,1005,508,9,Low,Mechanical,Resolved,3.1,Yes,388.61
70004,2024-11-29,1016,503,7,Critical,Calibration,Resolved,26.6,No,2672.51
70005,2024-04-19,1030,505,7,High,Network,Resolved,19.1,Yes,1419.13
70006,2024-03-20,1004,512,6,Low,Mechanical,Resolved,3.4,Yes,315.37
70007,2024-10-26,1005,510,2,Medium,Software,Resolved,11.4,Yes,975.7
70008,2024-03-02,1006,507,10,Critical,Network,Escalated,21.3,Yes,1602.2
70009,2024-06-10,1020,508,6,Critical,Mechanical,Resolved,33.0,Yes,2278.95
70010,2024-08-22,1033,505,3,Medium,Sensor,Resolved,12.9,Yes,761.76
70011,2024-05-05,1034,501,9,Medium,Sensor,Resolved,11.3,No,1051.8
70012,2024-03-09,1019,510,4,Low,Sensor,Resolved,6.5,No,581.77
70013,2024-12-17,1028,505,1,Medium,Mechanical,Resolved,7.7,No,708.86
70014,2024-03-07,1028,509,1,Medium,Mechanical,Resolved,11.7,Yes,1079.42
70015,2024-12-19,1020,506,1,Critical,Sensor,Resolved,7.6,Yes,441.22
70016,2024-12-15,1027,510,3,Low,Software,Resolved,3.1,Yes,439.56
70017,2024-03-31,1016,505,3,High,Mechanical,Resolved,26.3,Yes,2571.93
70018,2024-01-20,1020,504,4,High,Mechanical,Resolved,17.6,Yes,1613.45
70019,2024-07-23,1035,506,1,Medium,Mechanical,Resolved,13.5,Yes,1132.44
70020,2024-04-01,1023,512,6,Medium,Calibration,Escalated,1.7,No,207.13
70021,2024-09-18,1035,511,4,Low,Sensor,Resolved,4.8,Yes,434.24
70022,2024-02-05,1008,512,5,Critical,Network,Resolved,23.7,No,1944.35
70023,2024-12-07,1012,510,10,Medium,Sensor,Resolved,5.8,Yes,572.19
70024,2024-10-07,1039,511,6,High,Calibration,Resolved,19.1,Yes,1221.66
70025,2024-08-14,1019,509,10,Medium,Sensor,Resolved,2.3,No,326.73
70026,2024-04-30,1016,508,10,Medium,Mechanical,Resolved,7.6,Yes,442.07
70027,2024-07-31,1001,502,7,High,Software,Resolved,6.9,Yes,494.94
70028,2024-12-22,1030,503,8,Medium,Network,Escalated,5.7,Yes,500.22
70029,2024-10-31,1036,508,3,Medium,Calibration,Resolved,8.1,No,822.58
70030,2024-05-12,1032,511,4,High,Sensor,Resolved,9.1,No,695.66
70031,2024-02-09,1025,512,3,High,Software,Resolved,16.6,No,861.03
70032,2024-07-31,1027,507,10,Medium,Mechanical,Escalated,10.9,Yes,774.33
70033,2024-07-13,1035,512,9,Medium,Network,Resolved,10.5,Yes,1111.04
70034,2024-09-06,1026,512,3,Low,Calibration,Resolved,3.5,Yes,243.08
70035,2024-11-14,1030,503,1,Medium,Sensor,Resolved,11.6,Yes,667.84
70036,2024-06-16,1027,505,2,Low,Calibration,Resolved,2.8,Yes,320.81
70037,2024-10-03,1002,504,4,Low,Mechanical,Escalated,5.1,Yes,500.85
70038,2024-03-19,1030,512,5,Low,Sensor,Resolved,3.7,Yes,378.26
70039,2024-11-06,1002,505,10,Medium,Calibration,Resolved,8.0,No,785.35
70040,2024-04-11,1020,511,10,Low,Mechanical,Escalated,3.2,Yes,282.7
70041,2024-01-22,1032,502,7,Medium,Sensor,Resolved,5.2,Yes,495.64
70042,2024-12-28,1040,509,8,Low,Calibration,Resolved,4.7,Yes,471.19
70043,2024-10-30,1030,510,10,Low,Calibration,Resolved,5.8,Yes,580.57
70044,2024-01-15,1017,506,5,Medium,Network,Resolved,3.2,Yes,305.88
70045,2024-10-11,1031,511,8,Low,Calibration,Resolved,4.6,No,475.84
70046,2024-02-17,1024,508,9,Low,Network,Resolved,3.8,Yes,356.74
70047,2024-08-05,1013,506,2,Critical,Network,Resolved,18.1,Yes,1153.49
70048,2024-04-08,1034,510,5,Low,Mechanical,Resolved,3.5,Yes,480.09
70049,2024-05-31,1036,505,3,Low,Calibration,Resolved,4.1,Yes,436.11
70050,2024-01-07,1004,505,8,Medium,Mechanical,Resolved,8.5,Yes,622.88
70051,2024-07-24,1006,504,2,Medium,Network,Resolved,3.7,Yes,507.4
70052,2024-11-06,1029,505,10,Medium,Calibration,Resolved,5.7,Yes,566.04
70053,2024-10-18,1006,503,4,Medium,Software,Escalated,3.9,No,274.0
70054,2024-02-08,1003,504,5,Low,Sensor,Resolved,2.3,Yes,287.36
70055,2024-02-06,1028,502,9,Medium,Software,Resolved,13.0,Yes,1202.83
70056,2024-05-16,1037,505,8,High,Mechanical,Resolved,10.8,Yes,650.97
70057,2024-12-18,1028,512,6,Medium,Network,Resolved,5.9,Yes,522.29
70058,2024-01-14,1002,511,5,Low,Network,Resolved,4.7,No,531.49
70059,2024-03-30,1032,502,8,Medium,Sensor,Resolved,3.9,Yes,423.9
70060,2024-06-19,1032,505,7,Medium,Network,Resolved,2.2,Yes,210.79
70061,2024-08-20,1001,511,9,Low,Calibration,Resolved,4.0,No,521.47
70062,2024-01-28,1004,504,5,Low,Network,Resolved,4.8,Yes,530.12
70063,2024-05-27,1011,505,9,Medium,Mechanical,Escalated,7.5,No,628.9
70064,2024-07-27,1008,511,3,Low,Calibration,Resolved,3.2,No,393.13
70065,2024-09-17,1013,510,9,High,Software,Resolved,9.7,Yes,704.08
70066,2024-05-21,1018,501,5,High,Sensor,Escalated,19.7,No,1383.07
70067,2024-10-23,1035,507,8,Critical,Sensor,Resolved,21.7,Yes,1470.3
70068,2024-12-23,1021,512,8,Low,Calibration,Resolved,4.1,Yes,453.92
70069,2024-12-05,1022,502,8,High,Mechanical,Escalated,13.9,No,907.0
70070,2024-08-21,1005,508,5,Low,Sensor,Escalated,3.2,Yes,477.94
70071,2024-12-20,1032,509,1,Medium,Network,Resolved,10.5,Yes,944.4
70072,2024-04-30,1028,502,2,Medium,Calibration,Resolved,9.4,No,1046.21
70073,2024-12-21,1016,509,7,Low,Network,Resolved,5.4,Yes,437.31
70074,2024-03-28,1032,510,3,Low,Software,Resolved,4.3,Yes,418.71
70075,2024-11-22,1011,502,8,Low,Sensor,Escalated,4.0,No,502.21
70076,2024-06-02,1013,507,8,Medium,Mechanical,Resolved,8.4,Yes,655.2
70077,2024-07-14,1018,501,10,Medium,Mechanical,Escalated,0.5,Yes,185.43
70078,2024-09-11,1023,504,4,High,Network,Resolved,6.9,No,639.55
70079,2024-12-13,1003,505,8,High,Mechanical,Escalated,17.1,Yes,985.52
70080,2024-07-05,1012,504,3,High,Network,Resolved,6.4,Yes,536.98
70081,2024-09-28,1019,512,6,Medium,Mechanical,Resolved,7.7,No,904.14
70082,2024-02-08,1026,509,6,Low,Mechanical,Resolved,4.9,No,581.59
70083,2024-01-08,1024,502,4,Low,Calibration,Resolved,5.1,No,384.94
70084,2024-11-13,1005,511,8,High,Sensor,Resolved,20.3,Yes,1902.33
70085,2024-02-29,1009,507,8,Low,Sensor,Escalated,5.3,Yes,443.96
70086,2024-08-02,1032,510,7,Medium,Sensor,Resolved,7.1,No,771.71
70087,2024-12-19,1035,511,6,Medium,Mechanical,Resolved,0.6,No,173.4
70088,2024-05-21,1014,511,10,Low,Mechanical,Resolved,5.4,Yes,573.82
70089,2024-06-19,1014,504,6,Low,Software,Escalated,5.5,Yes,515.21
70090,2024-01-02,1012,502,1,Low,Software,Resolved,5.5,No,636.31
70091,2024-07-02,1034,502,2,High,Calibration,Resolved,16.4,Yes,934.48
70092,2024-07-04,1003,512,9,Medium,Sensor,Resolved,10.8,Yes,948.25
70093,2024-11-25,1029,502,2,Critical,Sensor,Escalated,39.9,Yes,3272.51
70094,2024-03-16,1021,507,10,Low,Network,Resolved,4.7,Yes,478.98
70095,2024-08-20,1036,512,4,Medium,Calibration,Resolved,2.9,Yes,403.42
70096,2024-04-26,1021,507,6,Medium,Sensor,Resolved,10.4,No,826.67
70097,2024-03-19,1024,503,9,Medium,Mechanical,Escalated,6.6,Yes,593.55
70098,2024-10-14,1028,512,1,Medium,Sensor,Escalated,8.2,Yes,714.68
70099,2024-06-08,1036,506,2,Medium,Sensor,Escalated,6.0,Yes,376.75
70100,2024-04-25,1040,511,9,High,Mechanical,Escalated,13.9,No,1470.13
70101,2024-12-02,1001,503,3,High,Network,Resolved,15.6,No,1024.18
70102,2024-02-05,1014,507,7,Low,Calibration,Resolved,5.0,Yes,386.96
70103,2024-03-21,1011,510,1,Medium,Mechanical,Resolved,7.0,Yes,374.2
70104,2024-08-14,1033,502,6,Medium,Calibration,Resolved,2.5,Yes,236.93
70105,2024-05-25,1004,501,4,Medium,Sensor,Resolved,4.7,Yes,460.52
70106,2024-03-11,1028,503,3,High,Calibration,Escalated,11.7,Yes,706.22
70107,2024-12-26,1028,501,8,Low,Mechanical,Resolved,1.8,Yes,270.3
70108,2024-10-21,1026,501,6,Medium,Software,Escalated,6.3,Yes,557.26
70109,2024-08-23,1034,502,7,High,Sensor,Resolved,18.4,No,1177.85
70110,2024-04-23,1033,504,6,Medium,Sensor,Resolved,7.3,Yes,555.35
70111,2024-04-30,1032,508,10,Low,Network,Resolved,4.0,Yes,365.39
70112,2024-12-14,1021,503,8,Critical,Mechanical,Resolved,34.9,Yes,2811.51
70113,2024-08-14,1003,501,6,Medium,Sensor,Resolved,9.2,Yes,551.24
70114,2024-11-26,1030,510,9,High,Mechanical,Resolved,7.8,No,702.13
70115,2024-10-19,1022,512,2,Medium,Network,Resolved,6.4,Yes,346.43
70116,2024-01-21,1011,506,6,Low,Sensor,Resolved,5.6,Yes,489.13
70117,2024-07-28,1036,511,7,High,Sensor,Resolved,15.1,Yes,1011.5
70118,2024-12-02,1010,506,5,Critical,Calibration,Resolved,24.7,Yes,1331.88
70119,2024-10-31,1034,502,7,High,Network,Resolved,23.1,Yes,1461.89
70120,2024-01-10,1032,504,4,Medium,Software,Resolved,10.1,Yes,753.25
70121,2024-02-09,1022,510,3,Low,Network,Resolved,4.5,Yes,483.47
70122,2024-03-19,1011,512,8,Low,Mechanical,Resolved,2.1,No,341.09
70123,2024-07-05,1035,504,5,Medium,Calibration,Resolved,8.3,Yes,784.95
70124,2024-07-07,1025,509,9,Medium,Calibration,Resolved,11.5,Yes,929.34
70125,2024-04-12,1007,512,9,High,Mechanical,Resolved,19.1,Yes,1814.1
70126,2024-02-12,1028,502,4,High,Calibration,Resolved,19.7,Yes,1824.75
70127,2024-01-14,1021,502,6,Medium,Software,Resolved,5.5,Yes,330.36
70128,2024-01-20,1031,508,10,Low,Mechanical,Resolved,4.9,No,436.02
70129,2024-01-10,1019,504,5,Low,Mechanical,Resolved,5.0,No,396.96
70130,2024-05-02,1032,510,9,Medium,Mechanical,Escalated,4.5,No,345.3
70131,2024-10-21,1006,509,6,Low,Mechanical,Escalated,5.1,Yes,385.83
70132,2024-10-05,1031,501,7,Medium,Sensor,Resolved,10.7,No,868.25
70133,2024-01-09,1022,503,1,Medium,Sensor,Escalated,10.2,Yes,636.61
70134,2024-06-22,1031,511,3,High,Software,Resolved,18.0,Yes,1614.86
70135,2024-08-22,1026,509,8,Low,Sensor,Resolved,4.8,No,367.56
70136,2024-11-27,1022,505,2,Low,Sensor,Resolved,6.7,Yes,738.93
70137,2024-07-23,1034,505,2,High,Calibration,Resolved,21.0,No,1575.57
70138,2024-08-08,1006,506,5,Medium,Sensor,Resolved,6.1,No,518.69
70139,2024-11-04,1040,507,5,High,Mechanical,Resolved,19.5,Yes,1770.23
70140,2024-12-09,1002,503,10,Medium,Calibration,Resolved,11.0,Yes,1077.9
70141,2024-03-05,1029,506,6,Low,Calibration,Resolved,4.3,Yes,444.37
70142,2024-10-20,1008,501,3,Low,Calibration,Escalated,2.5,Yes,221.96
70143,2024-07-17,1032,504,2,Critical,Software,Resolved,42.3,No,2487.45
70144,2024-08-19,1021,511,6,Low,Mechanical,Escalated,5.9,No,725.58
70145,2024-10-04,1024,509,4,Low,Mechanical,Resolved,3.7,No,347.38
70146,2024-03-12,1030,509,3,Low,Network,Resolved,4.9,Yes,431.93
70147,2024-02-03,1005,503,6,Medium,Mechanical,Resolved,13.1,Yes,1261.5
70148,2024-08-26,1038,503,3,Medium,Calibration,Escalated,8.0,Yes,871.63
70149,2024-01-29,1034,505,2,High,Sensor,Resolved,10.6,Yes,1033.0
70150,2024-11-21,1006,509,3,Critical,Network,Escalated,26.9,Yes,2181.75
70151,2024-03-19,1002,502,1,Low,Network,Resolved,1.6,Yes,173.33
70152,2024-11-29,1035,505,5,Low,Calibration,Resolved,1.6,Yes,146.9
70153,2024-12-16,1022,510,3,Medium,Sensor,Resolved,3.3,Yes,320.68
70154,2024-06-25,1021,504,8,Critical,Mechanical,Resolved,32.9,Yes,2211.14
70155,2024-08-18,1011,506,10,Low,Sensor,Resolved,5.1,Yes,451.11
70156,2024-03-22,1002,502,7,Medium,Network,Resolved,9.5,Yes,739.95
70157,2024-05-03,1031,505,9,Low,Mechanical,Resolved,3.7,Yes,467.5
70158,2024-08-08,1003,507,1,Low,Network,Escalated,4.4,Yes,371.06
70159,2024-04-09,1040,511,10,Medium,Mechanical,Resolved,7.2,Yes,690.5
70160,2024-02-19,1010,504,10,Medium,Network,Resolved,11.1,No,876.7
70161,2024-09-13,1033,503,6,Low,Network,Resolved,6.5,No,508.09
70162,2024-03-24,1033,509,9,Medium,Calibration,Escalated,9.2,Yes,928.47
70163,2024-06-02,1002,510,8,Medium,Sensor,Escalated,10.9,Yes,792.9
70164,2024-10-22,1040,507,3,Low,Software,Resolved,4.1,Yes,397.35
70165,2024-10-20,1027,509,10,Critical,Calibration,Resolved,29.7,Yes,1705.67
70166,2024-12-27,1034,507,6,Low,Software,Resolved,4.2,Yes,396.46
70167,2024-09-29,1040,508,4,Medium,Software,Resolved,4.6,No,499.76
70168,2024-10-12,1014,512,8,Low,Sensor,Resolved,6.2,No,742.31
70169,2024-06-27,1026,506,3,Medium,Sensor,Resolved,12.7,Yes,1053.43
70170,2024-05-27,1031,504,4,Critical,Network,Resolved,20.8,Yes,2035.04
70171,2024-10-14,1034,504,4,Medium,Mechanical,Resolved,10.9,Yes,763.21
70172,2024-07-30,1036,503,7,Medium,Calibration,Resolved,11.4,Yes,946.02
70173,2024-11-29,1037,504,9,Low,Mechanical,Resolved,5.4,Yes,524.25
70174,2024-08-01,1026,508,3,High,Sensor,Resolved,14.7,Yes,1536.92
70175,2024-01-05,1034,508,3,Low,Network,Resolved,1.1,Yes,209.93
70176,2024-05-19,1017,512,3,Low,Mechanical,Resolved,1.8,Yes,198.23
70177,2024-05-31,1033,506,2,Medium,Calibration,Resolved,8.1,No,896.66
70178,2024-04-04,1025,504,8,Critical,Sensor,Resolved,21.0,Yes,1948.85
70179,2024-06-03,1030,505,3,Medium,Calibration,Escalated,5.8,Yes,469.73
70180,2024-12-26,1024,510,4,High,Software,Resolved,13.8,Yes,1251.03
70181,2024-09-01,1035,511,4,Low,Software,Escalated,4.0,Yes,394.6
70182,2024-02-11,1008,501,9,Medium,Network,Resolved,3.6,Yes,412.23
70183,2024-10-20,1032,502,9,Medium,Calibration,Resolved,11.2,Yes,1034.01
70184,2024-08-20,1020,512,1,Low,Calibration,Resolved,6.7,Yes,610.99
70185,2024-01-02,1005,508,1,High,Sensor,Resolved,14.3,Yes,888.03
70186,2024-04-02,1027,506,7,High,Calibration,Resolved,15.1,no,1554.4
70187,2024-07-11,1035,507,9,Low,Software,Resolved,7.2,Yes,675.06
70188,2024-01-02,1028,509,7,High,Software,Resolved,13.1,No,1042.2
70189,2024-08-23,1027,510,1,Medium,Software,Resolved,6.8,No,510.07
70190,2024-02-04,1004,504,1,Low,Calibration,Resolved,7.7,Yes,723.24
70191,2024-04-29,1037,506,10,Medium,,Resolved,8.2,Yes,838.48
70192,2024-05-01,1020,505,1,Medium,Network,Escalated,2.5,Yes,254.81
70193,2024-03-30,1034,506,7,Medium,Calibration,Resolved,4.6,No,564.41
70194,2024-06-02,1020,512,3,Medium,Calibration,Resolved,9.7,No,839.04
70195,2024-10-14,1006,508,6,Medium,Mechanical,Escalated,4.6,Yes,345.1
70196,2024-04-07,1005,504,10,Low,Network,Resolved,5.0,Yes,403.36
70197,2024-09-02,1008,512,8,Low,Software,Escalated,5.1,No,337.72
70198,2024-12-26,1025,508,9,Low,Sensor,Resolved,3.3,No,399.19
70199,2024-05-13,1021,504,6,Medium,Sensor,Resolved,10.7,No,1025.08
70200,2024-01-24,1038,510,7,Medium,Sensor,Resolved,5.6,Yes,359.8
70201,2024-04-10,1017,508,8,Medium,Calibration,Resolved,3.6,Yes,423.1
70202,2024-06-29,1035,511,1,Low,Network,Resolved,6.1,No,608.48
70203,2024-02-08,1010,501,4,Critical,Network,Resolved,18.6,Yes,1682.22
70204,2024-07-10,1032,501,1,Low,Network,Escalated,1.6,Yes,331.01
70205,2024-07-29,1028,503,2,Low,Mechanical,Escalated,2.7,No,290.18
70206,2024-03-17,1026,502,6,Low,Calibration,Resolved,3.8,Yes,302.76
70207,2024-10-16,1003,502,7,Low,Calibration,Resolved,3.6,No,375.01
70208,2024-10-09,1028,511,6,Medium,Network,Resolved,5.4,Yes,467.65
70209,2024-09-27,1005,511,5,Critical,Network,Escalated,31.1,Yes,2349.65
70210,2024-12-02,1038,503,7,Low,Mechanical,Resolved,7.4,No,642.42
70211,2024-03-24,1009,512,2,Medium,Network,Resolved,2.3,Yes,254.76
70212,2024-01-28,1040,510,7,Low,Sensor,Resolved,2.7,Yes,260.69
70213,2024-11-20,1038,511,7,Low,Mechanical,Escalated,5.9,Yes,640.87
70214,2024-05-31,1010,512,7,High,Sensor,Resolved,15.7,No,818.66
70215,2024-02-24,1028,508,9,Low,Network,Escalated,5.6,No,316.34
70216,2024-07-27,1021,507,1,Low,Sensor,Resolved,3.4,Yes,374.66
70217,2024-07-17,1025,503,3,High,Sensor,Resolved,14.7,No,953.71
70218,2024-05-17,1031,502,6,Medium,Sensor,Resolved,4.0,Yes,362.73
70219,2024-11-16,1040,507,6,Medium,Calibration,Resolved,5.4,Yes,336.05
70220,2024-08-08,1021,510,4,High,Calibration,Resolved,11.3,No,1103.44
70221,2024-03-31,1016,506,7,Critical,Sensor,Resolved,37.1,Yes,2703.98
70222,2024-07-05,1036,501,8,Low,Software,Resolved,3.7,Yes,394.28
70223,2024-05-29,1020,504,5,High,Software,Resolved,27.3,No,2192.17
70224,2024-07-12,1033,512,7,Low,Network,Resolved,5.3,No,457.64
70225,2024-07-03,1023,503,10,High,Mechanical,Escalated,19.3,No,1038.72
70226,2024-11-26,1028,502,1,Medium,Mechanical,Resolved,4.0,Yes,524.37
70227,2024-04-23,1038,512,9,Medium,Software,Resolved,3.8,Yes,346.1
70228,2024-01-13,1010,506,5,Medium,Sensor,Resolved,7.5,Yes,718.16
70229,2024-04-15,1003,512,2,Medium,Mechanical,Resolved,7.2,No,518.97
70230,2024-11-27,1034,503,9,Low,Software,Resolved,4.6,No,574.17
70231,2024-10-13,1026,501,10,Medium,Software,Resolved,2.4,Yes,268.68
70232,2024-10-30,1005,510,2,Medium,Network,Resolved,9.4,Yes,594.06
70233,2024-07-06,1039,507,10,Medium,Calibration,Escalated,5.6,No,534.8
70234,2024-02-28,1020,510,10,Medium,Mechanical,Resolved,8.7,No,826.53
70235,2024-06-09,1009,510,7,Low,Calibration,Resolved,3.7,Yes,356.29
70236,2024-09-06,1036,503,8,Medium,Sensor,Resolved,9.9,Yes,964.89
70237,2024-04-05,1025,509,9,Medium,Calibration,Resolved,7.0,Yes,362.93
70238,2024-12-16,1037,501,4,Medium,Sensor,Resolved,8.3,No,607.8
70239,2024-05-20,1033,502,10,Low,Mechanical,Resolved,3.3,Yes,385.13
70240,2024-10-05,1029,509,4,High,Calibration,Resolved,26.8,Yes,2335.79
70241,2024-11-30,1029,502,4,High,Software,Escalated,8.8,Yes,716.39
70242,2024-12-18,1009,504,4,Medium,Mechanical,Escalated,19.7,No,1559.66
70243,2024-06-28,1033,511,2,Medium,Software,Resolved,6.4,No,504.74
70244,2024-01-31,1016,503,6,Critical,Software,Resolved,24.1,No,1413.29
70245,2024-09-07,1006,507,9,Low,Sensor,Resolved,2.5,Yes,284.97
70246,2024-08-20,1006,512,8,Critical,Sensor,Resolved,16.4,Yes,899.37
70247,2024-09-30,1036,510,3,Medium,,Resolved,13.9,Yes,920.94
70248,2024-06-24,1030,501,2,High,Software,Resolved,13.6,No,775.95
70249,2024-08-21,1011,505,2,Low,Sensor,Resolved,5.0,Yes,394.98
70250,2024-02-12,1020,512,4,Medium,,Resolved,7.4,No,485.59
70251,2024-12-26,1001,512,6,Low,Mechanical,Resolved,4.1,Yes,391.1
70252,2024-12-21,1007,502,6,Low,Sensor,Resolved,4.6,Yes,446.64
70253,2024-03-11,1037,501,10,Medium,Software,Resolved,10.5,Yes,860.31
70254,2024-06-28,1029,504,2,High,Mechanical,Resolved,4.0,Yes,304.38
70255,2024-03-04,1006,504,9,Medium,Network,Escalated,1.9,Yes,168.64
70256,2024-11-07,1020,504,9,Low,,Escalated,6.7,No,482.96
70257,2024-04-06,1008,504,8,High,Network,Resolved,15.4,No,1537.18
70258,2024-09-27,1025,510,7,High,Sensor,Escalated,18.1,Yes,1218.26
70259,2024-12-15,1014,501,1,Low,Calibration,Escalated,0.5,Yes,59.67
70260,2024-05-26,1006,511,9,Medium,Network,Escalated,9.7,Yes,784.31
70261,2024-03-19,1026,510,2,Low,Sensor,Resolved,3.3,Yes,398.38
70262,2024-05-02,1039,501,5,Low,Software,Resolved,5.8,Yes,488.61
70263,2024-01-07,1017,503,6,High,Software,Resolved,14.9,No,1221.08
70264,2024-03-01,1005,505,10,High,Mechanical,Resolved,12.3,Yes,1118.83
70265,2024-08-21,1037,511,2,Medium,Software,Escalated,14.0,Yes,899.32
70266,2024-01-02,1025,503,3,Low,Mechanical,Escalated,5.1,No,396.78
70267,2024-12-01,1024,502,9,Medium,Mechanical,Resolved,6.6,No,420.53
70268,2024-04-24,1030,505,5,High,Sensor,Resolved,22.0,No,2071.89
70269,2024-10-10,1024,510,8,Medium,Software,Escalated,6.2,No,571.93
70270,2024-05-05,1001,506,1,Low,Calibration,Resolved,5.0,No,348.46
70271,2024-02-23,1018,502,1,Low,Software,Escalated,5.7,No,579.31
70272,2024-07-30,1007,509,3,High,Calibration,Resolved,15.3,Yes,1469.32
70273,2024-10-30,1026,512,6,Medium,Sensor,Resolved,0.5,Yes,105.73
70274,2024-05-19,1007,503,2,Low,Software,Resolved,5.6,No,448.74
70275,2024-08-26,1008,502,3,Medium,Sensor,Escalated,10.2,No,792.88
70276,2024-01-21,1023,507,9,Low,Mechanical,Resolved,5.0,No,410.09
70277,2024-05-13,1007,508,2,High,Software,Resolved,23.3,No,1815.21
70278,2024-01-07,1026,506,2,Low,Network,Escalated,7.5,No,476.52
70279,2024-05-12,1006,506,2,Critical,Mechanical,Resolved,62.2,Yes,4973.69
70280,2024-01-26,1002,507,7,Low,Software,Resolved,6.5,Yes,650.65
70281,2024-04-19,1019,508,7,Critical,Network,Resolved,26.1,Yes,2106.96
70282,2024-02-01,1034,504,9,Low,Mechanical,Resolved,5.7,Yes,511.66
70283,2024-07-02,1002,506,10,Medium,Software,Resolved,8.6,Yes,593.97
70284,2024-05-23,1015,503,2,Low,Software,Resolved,2.6,No,343.86
70285,2024-05-16,1025,506,3,Medium,Software,Resolved,9.3,No,982.85
70286,2024-10-30,1023,510,10,Medium,Software,Escalated,2.9,No,309.0
70287,2024-04-06,1004,504,10,High,Software,Resolved,22.3,Yes,1226.08
70288,2024-09-26,1022,512,3,Medium,Sensor,Resolved,0.5,Yes,203.01
70289,2024-01-12,1005,506,7,Low,Network,Resolved,3.8,Yes,356.68
70290,2024-06-21,1032,511,6,Medium,Software,Escalated,6.3,Yes,523.88
70291,2024-12-21,1019,503,3,High,Mechanical,Escalated,11.5,Yes,1073.92
70292,2024-07-19,1021,510,4,High,Network,Resolved,12.1,No,940.6
70293,2024-09-11,1006,512,6,Low,Calibration,Resolved,4.0,No,392.94
70294,2024-05-15,1001,501,7,Low,Calibration,Resolved,2.8,Yes,336.73
70295,2024-03-26,1037,511,4,High,Software,Resolved,9.8,Yes,597.01
70296,2024-02-07,1007,502,6,High,Software,Resolved,16.3,Yes,816.87
70297,2024-03-23,1031,512,1,High,Calibration,Resolved,2.9,Yes,347.09
70298,2024-11-06,1013,507,9,High,Network,Resolved,12.0,Yes,657.75
70299,2024-12-04,1024,501,7,Low,Mechanical,Resolved,4.0,Yes,395.62
70300,2024-12-04,1019,502,8,Medium,Mechanical,Resolved,9.0,Yes,505.9
70301,2024-07-22,1025,506,3,Medium,Calibration,Resolved,10.0,Yes,730.55
70302,2024-05-14,1010,512,2,Medium,Mechanical,Resolved,6.5,Yes,686.11
70303,2024-10-04,1035,511,8,Medium,Network,Resolved,8.1,Yes,635.34
70304,2024-08-31,1037,509,10,Low,Network,Resolved,2.9,Yes,280.57
70305,2024-03-02,1003,507,2,Critical,Calibration,Resolved,2.1,Yes,171.44
70306,2024-11-17,1005,502,7,Low,Network,Resolved,5.2,Yes,468.01
70307,2024-10-09,1034,507,2,Medium,Calibration,Resolved,7.4,No,756.17
70308,2024-03-16,1007,510,2,Medium,Sensor,Escalated,11.5,Yes,1110.31
70309,2024-06-25,1026,503,10,High,Network,Resolved,15.2,Yes,1094.51
70310,2024-01-20,1031,505,6,Medium,Mechanical,Resolved,12.6,No,1030.9
70311,2024-06-04,1020,512,8,Medium,Sensor,Resolved,11.5,Yes,1137.72
70312,2024-08-01,1027,512,8,Medium,Network,Resolved,2.7,Yes,365.55
70313,2024-01-29,1037,501,3,Medium,Software,Resolved,9.5,Yes,665.17
70314,2024-01-30,1018,506,8,Low,Network,Resolved,5.2,Yes,619.52
70315,2024-11-21,1031,510,9,Critical,Sensor,Resolved,24.5,Yes,1841.87
70316,2024-03-24,1002,507,1,High,Software,Escalated,11.7,Yes,1048.83
70317,2024-04-19,1001,508,3,High,Software,Escalated,10.2,Yes,691.46
70318,2024-01-05,1018,507,7,Low,Sensor,Resolved,2.1,Yes,341.81
70319,2024-05-09,1024,509,10,Low,Network,Resolved,3.4,Yes,273.69
70320,2024-06-01,1021,505,5,Medium,Sensor,Resolved,11.7,Yes,792.99
70321,2024-03-17,1021,511,3,Medium,Mechanical,Resolved,8.1,No,785.3
70322,2024-05-31,1037,504,6,Low,Software,Escalated,4.5,Yes,316.22
70323,2024-11-22,1036,503,5,High,Mechanical,Resolved,24.0,Yes,2265.82
70324,2024-03-06,1022,511,2,High,Software,Resolved,10.7,No,964.85
70325,2024-04-24,1008,508,1,High,Network,Escalated,12.0,Yes,769.26
70326,2024-11-13,1025,509,5,Low,Calibration,Resolved,6.6,No,638.31
70327,2024-03-18,1021,512,3,Low,Mechanical,Resolved,4.5,Yes,508.85
70328,2024-06-19,1018,504,3,Medium,Network,Resolved,11.1,Yes,872.5
70329,2024-09-07,1031,507,1,High,Mechanical,Escalated,16.6,Yes,1200.63
70330,2024-04-12,1034,504,1,High,Mechanical,Resolved,12.7,No,1294.16
70331,2024-04-25,1003,505,5,Medium,Calibration,Escalated,7.1,Yes,578.54
70332,2024-11-01,1032,506,4,Medium,Software,Resolved,9.4,Yes,789.87
70333,2024-01-10,1024,512,1,Low,Calibration,Resolved,3.9,No,340.91
70334,2024-09-30,1002,501,2,Medium,,Resolved,6.3,Yes,338.07
70335,2024-07-13,1027,511,2,Low,Network,Resolved,4.0,Yes,338.82
70336,2024-11-14,1040,502,5,Medium,Mechanical,Resolved,13.0,Yes,1163.81
70337,2024-09-11,1019,503,1,Low,Network,Resolved,4.4,Yes,388.99
70338,2024-04-16,1006,502,10,Medium,Calibration,Resolved,10.4,Yes,612.24
70339,2024-02-16,1019,505,8,High,Mechanical,Resolved,25.1,No,2040.36
70340,2024-03-30,1028,512,2,High,Mechanical,Resolved,20.7,No,1446.14
70341,2024-01-05,1006,506,6,High,Software,Resolved,14.0,Yes,1068.33
70342,2024-07-24,1031,507,3,Medium,Mechanical,Resolved,6.3,Yes,690.93
70343,2024-12-22,1037,511,8,High,Software,Escalated,28.3,Yes,2669.77
70344,2024-07-13,1009,508,8,High,Mechanical,Resolved,14.6,Yes,1465.07
70345,2024-08-13,1037,512,10,Low,Software,Resolved,3.9,No,465.85
70346,2024-09-22,1016,508,6,Medium,Calibration,Resolved,10.8,No,676.54
70347,2024-10-12,1032,503,2,High,Calibration,Resolved,15.3,No,1179.73
70348,2024-05-03,1025,507,4,Medium,Mechanical,Resolved,7.7,Yes,660.76
70349,2024-08-15,1002,502,7,High,Calibration,Resolved,4.1,Yes,318.36
70350,2024-10-12,1020,509,9,Medium,Software,Resolved,10.0,No,1039.26
70351,2024-06-23,1031,512,6,Medium,Calibration,Resolved,10.1,Yes,868.93
70352,2024-02-19,1019,509,9,High,Sensor,Resolved,17.5,Yes,1255.57
70353,2024-01-24,1013,504,2,High,Calibration,Resolved,4.1,No,334.16
70354,2024-08-22,1003,511,10,High,Mechanical,Resolved,16.6,Yes,1183.77
70355,2024-08-22,1028,510,8,Medium,Network,Resolved,9.7,Yes,722.47
70356,2024-12-20,1039,510,6,Medium,Network,Resolved,7.5,No,475.38
70357,2024-08-02,1029,503,3,Critical,Calibration,Escalated,44.4,Yes,4331.87
70358,2024-12-24,1021,512,9,High,Software,Resolved,10.5,Yes,1033.72
70359,2024-04-17,1012,509,9,Medium,,Resolved,7.3,Yes,823.7
70360,2024-06-29,1035,505,7,Medium,Mechanical,Escalated,10.9,Yes,1152.08
70361,2024-02-24,1019,511,5,Low,Software,Resolved,5.5,Yes,502.77
70362,2024-12-19,1029,502,10,High,Network,Resolved,23.5,Yes,1777.94
70363,2024-11-27,1025,507,7,Medium,Sensor,Escalated,8.4,No,638.42
70364,2024-01-28,1029,504,6,Low,Network,Escalated,6.8,Yes,677.56
70365,2024-11-04,1012,512,9,Low,Mechanical,Resolved,3.8,Yes,391.26
70366,2024-01-21,1017,501,6,Medium,Calibration,Resolved,5.9,Yes,428.99
70367,2024-01-21,1032,510,9,Low,Sensor,Resolved,3.8,No,427.11
70368,2024-12-28,1033,503,7,Medium,Network,Escalated,8.9,Yes,514.59
70369,2024-07-25,1040,509,8,Low,Network,Resolved,4.2,Yes,324.09
70370,2024-02-28,1040,504,1,Medium,Sensor,Resolved,10.2,Yes,1050.76
70371,2024-02-28,1033,508,8,Medium,Mechanical,Resolved,5.5,No,561.07
70372,2024-11-29,1035,509,1,Low,Mechanical,Resolved,3.7,Yes,392.05
70373,2024-12-09,1028,511,2,Medium,Software,Resolved,9.1,No,672.21
70374,2024-08-23,1017,509,2,High,Network,Resolved,25.5,Yes,1292.93
70375,2024-05-12,1001,511,10,Medium,Mechanical,Escalated,4.9,Yes,357.22
70376,2024-01-24,1020,510,2,High,Sensor,Resolved,18.0,Yes,1684.35
70377,2024-07-14,1035,505,3,Medium,Sensor,Resolved,6.1,Yes,406.48
70378,2024-01-06,1039,507,9,Medium,Network,Resolved,4.9,Yes,271.6
70379,2024-06-05,1010,503,3,Low,Software,Escalated,3.9,Yes,525.36
70380,2024-05-09,1036,508,9,Low,Mechanical,Resolved,1.4,Yes,292.38
70381,2024-12-09,1016,502,5,Low,Network,Resolved,6.1,Yes,418.49
70382,2024-04-09,1038,503,10,Medium,Network,Resolved,11.0,Yes,909.01
70383,2024-06-10,1018,506,3,Critical,Sensor,Resolved,32.7,No,2771.3
70384,2024-08-24,1039,502,5,Medium,Software,Escalated,10.4,No,760.81
70385,2024-04-10,1002,510,10,Low,Calibration,Escalated,4.5,Yes,317.98
70386,2024-04-18,1031,511,3,Critical,Sensor,Resolved,25.1,Yes,2011.33
70387,2024-04-24,1024,509,1,High,Software,Escalated,5.3,Yes,407.6
70388,2024-12-16,1037,511,3,Low,Calibration,Resolved,2.3,Yes,207.06
70389,2024-01-21,1024,507,8,Low,Calibration,Resolved,3.4,Yes,217.5
70390,2024-01-21,1018,512,5,Critical,Network,Escalated,28.3,Yes,2383.13
70391,2024-10-18,1025,504,9,Low,Calibration,Resolved,3.1,Yes,382.0
70392,2024-06-25,1009,508,3,Medium,Software,Resolved,5.5,yes,523.99
70393,2024-09-20,1015,507,6,Medium,Mechanical,Resolved,8.5,Yes,728.65
70394,2024-12-11,1002,504,1,Medium,Software,Escalated,10.0,Yes,700.63
70395,2024-10-30,1012,509,7,Low,Network,Escalated,3.7,Yes,243.33
70396,2024-11-22,1006,504,8,Low,Network,Resolved,3.7,No,359.94
70397,2024-09-03,1033,505,3,Low,Sensor,Resolved,5.0,No,482.85
70398,2024-11-01,1013,509,9,Medium,Calibration,Resolved,4.2,Yes,309.49
70399,2024-11-06,1008,502,8,Low,Software,Escalated,1.8,Yes,262.15
70400,2024-10-03,1034,507,6,High,Mechanical,Escalated,17.3,No,1585.62
70401,2024-08-07,1037,502,7,Low,Software,Resolved,4.9,Yes,518.27
70402,2024-09-01,1035,507,5,High,Software,Resolved,5.3,No,388.4
70403,2024-12-29,1021,507,6,High,Mechanical,Resolved,23.8,Yes,1574.26
70404,2024-08-06,1024,510,5,Medium,Calibration,Resolved,8.2,Yes,815.78
70405,2024-07-30,1037,506,7,Medium,Software,Resolved,6.1,Yes,619.98
70406,2024-04-27,1026,506,9,Medium,Network,Resolved,7.3,Yes,446.16
70407,2024-03-23,1006,502,5,Medium,,Resolved,4.2,No,416.09
70408,2024-02-10,1034,505,10,Medium,Mechanical,Resolved,3.6,No,421.64
70409,2024-11-23,1039,509,9,Medium,Software,Escalated,14.2,No,1061.94
70410,2024-03-27,1006,505,7,Medium,Sensor,Resolved,8.4,Yes,848.72
70411,2024-07-26,1036,510,6,Medium,Sensor,Resolved,2.8,Yes,209.83
70412,2024-04-25,1017,503,7,Medium,Network,Resolved,7.4,Yes,800.48
70413,2024-10-13,1037,505,8,Low,Calibration,Escalated,2.9,No,446.92
70414,2024-09-04,1030,510,1,High,Calibration,Resolved,30.9,No,2978.21
70415,2024-05-12,1023,509,9,Low,Mechanical,Resolved,0.6,Yes,110.73
70416,2024-05-07,1036,503,8,Low,Sensor,Resolved,0.5,Yes,122.78
70417,2024-04-21,1013,504,4,High,Sensor,Resolved,14.1,Yes,1385.82
70418,2024-04-27,1007,502,2,Low,Calibration,Escalated,7.9,Yes,647.92
70419,2024-01-04,1037,505,8,High,Software,Escalated,14.2,Yes,1188.3
70420,2024-05-23,1028,508,9,Medium,Mechanical,Escalated,7.8,No,515.65
70421,2024-06-26,1001,501,4,Medium,Calibration,Escalated,7.2,No,678.18
70422,2024-02-21,1016,505,8,Medium,,Resolved,6.2,Yes,478.25
70423,2024-07-06,1029,503,10,Low,Software,Escalated,2.5,No,250.24
70424,2024-12-17,1028,507,4,Low,Software,Resolved,4.8,Yes,343.23
70425,2024-08-30,1021,508,5,High,Sensor,Escalated,19.4,No,1809.97
70426,2024-10-17,1017,508,2,Low,Calibration,Resolved,5.7,Yes,361.84
70427,2024-05-13,1039,504,10,Medium,Network,Escalated,1.1,Yes,92.41
70428,2024-03-30,1029,502,7,Critical,Network,Resolved,18.4,Yes,1238.96
70429,2024-08-25,1037,507,2,Medium,Mechanical,Resolved,9.2,No,702.83
70430,2024-06-24,1026,505,8,Low,,Escalated,4.8,Yes,354.07
70431,2024-09-23,1006,504,3,Critical,Calibration,Resolved,21.9,yes,1921.57
70432,2024-02-18,1026,509,2,Low,Mechanical,Resolved,4.5,No,350.64
70433,2024-11-12,1009,503,9,Low,Software,Resolved,2.1,Yes,191.63
70434,2024-01-18,1035,505,9,Medium,Calibration,Resolved,2.5,No,258.86
70435,2024-12-23,1035,505,6,Medium,Calibration,Escalated,5.0,No,542.62
70436,2024-04-26,1020,501,1,High,Network,Resolved,12.2,Yes,838.89
70437,2024-06-25,1028,505,10,Low,Software,Resolved,1.6,Yes,206.37
70438,2024-10-07,1011,512,7,Medium,Calibration,Resolved,6.9,Yes,594.95
70439,2024-05-14,1018,505,9,Low,Sensor,Resolved,2.6,No,341.62
70440,2024-04-06,1040,508,5,High,Network,Resolved,10.5,Yes,759.18
70441,2024-04-06,1009,512,8,Medium,Mechanical,Resolved,12.9,Yes,1278.44
70442,2024-02-16,1032,506,8,Low,Mechanical,Resolved,7.5,Yes,541.8
70443,2024-02-11,1013,505,7,High,Mechanical,Resolved,18.1,No,983.73
70444,2024-05-07,1013,508,2,Medium,Network,Resolved,7.7,No,640.67
70445,2024-08-30,1036,509,2,Medium,Sensor,Resolved,15.3,Yes,1399.65
70446,2024-11-22,1008,504,7,Low,Sensor,Resolved,3.1,Yes,287.58
70447,2024-03-26,1031,512,10,High,Software,Resolved,10.5,Yes,1105.73
70448,2024-02-15,1004,501,6,Low,Software,Escalated,3.2,Yes,334.67
70449,2024-02-24,1029,512,4,Low,Mechanical,Resolved,4.5,No,537.75
70450,2024-07-02,1036,505,9,High,Calibration,Resolved,34.0,Yes,1744.32
70451,2024-10-17,1036,503,2,Low,Network,Resolved,2.5,Yes,401.02
70452,2024-08-18,1033,507,3,Low,Mechanical,Escalated,6.1,Yes,406.6
70453,2024-07-05,1034,511,8,High,Network,Resolved,16.7,Yes,1291.28
70454,2024-11-09,1005,501,3,Low,Software,Resolved,6.6,Yes,440.59
70455,2024-04-13,1040,512,10,Low,Sensor,Resolved,4.1,Yes,372.35
70456,2024-07-06,1032,502,8,Low,Mechanical,Resolved,4.4,No,386.67
70457,2024-10-12,1034,501,2,High,Sensor,Resolved,25.2,No,1338.51
70458,2024-04-20,1013,504,9,Critical,Software,Escalated,14.8,Yes,1318.33
70459,2024-11-16,1030,512,7,Critical,Mechanical,Resolved,14.6,No,1340.17
70460,2024-04-02,1039,508,6,Medium,Sensor,Escalated,6.5,Yes,622.3
70461,2024-06-15,1035,504,7,High,Network,Resolved,8.3,No,571.06
70462,2024-07-03,1019,510,1,Critical,Network,Resolved,36.3,Yes,2504.96
70463,2024-06-03,1018,509,9,Low,Network,Escalated,5.1,Yes,616.04
70464,2024-10-19,1024,510,4,Low,Software,Resolved,3.9,Yes,289.77
70465,2024-06-02,1012,508,10,Low,Mechanical,Escalated,1.1,No,252.02
70466,2024-11-24,1004,506,6,Medium,Calibration,Resolved,12.2,No,934.66
70467,2024-03-02,1025,501,5,High,Network,Resolved,17.4,Yes,952.88
70468,2024-06-12,1004,511,7,Medium,Calibration,Escalated,12.6,Yes,943.26
70469,2024-10-21,1037,512,1,Medium,Network,Resolved,8.5,Yes,473.54
70470,2024-05-14,1009,508,9,Low,Software,Resolved,5.3,Yes,487.03
70471,2024-07-21,1028,506,10,Medium,Mechanical,Resolved,9.5,No,577.36
70472,2024-12-09,1002,505,3,Medium,Sensor,Escalated,12.2,Yes,747.21
70473,2024-08-14,1006,502,1,Medium,Software,Escalated,1.2,Yes,143.2
70474,2024-03-16,1008,505,8,High,Calibration,Resolved,21.3,No,1118.01
70475,2024-06-18,1010,512,1,Low,Calibration,Escalated,3.0,Yes,280.74
70476,2024-12-05,1040,505,1,Medium,Calibration,Resolved,7.5,Yes,416.17
70477,2024-02-04,1025,504,7,Medium,Network,Resolved,7.2,Yes,658.58
70478,2024-06-10,1030,509,1,Medium,Mechanical,Resolved,14.2,Yes,757.29
70479,2024-09-28,1020,504,9,Medium,Sensor,Resolved,2.7,Yes,297.85
70480,2024-11-16,1036,505,4,Low,Software,Resolved,4.2,Yes,597.25
70481,2024-07-20,1015,507,4,Medium,Network,Resolved,10.7,No,941.75
70482,2024-08-06,1014,511,3,Critical,Network,Escalated,33.8,No,2195.09
70483,2024-12-16,1010,511,10,High,Software,Resolved,19.6,No,1439.67
70484,2024-02-04,1010,512,1,Medium,Sensor,Resolved,5.9,No,377.59
70485,2024-07-29,1013,502,3,Medium,Software,Resolved,7.8,Yes,686.3
70486,2024-11-09,1015,511,1,Medium,Sensor,Resolved,2.1,Yes,286.14
70487,2024-12-18,1025,508,8,High,Software,Resolved,24.2,Yes,1928.09
70488,2024-04-08,1027,504,4,Low,Software,Resolved,6.3,Yes,775.26
70489,2024-03-31,1016,507,7,Critical,Mechanical,Escalated,50.4,Yes,3189.1
70490,2024-07-13,1035,509,1,High,Network,Resolved,14.8,Yes,1483.91
70491,2024-08-19,1003,509,7,Medium,Network,Resolved,12.7,Yes,1110.14
70492,2024-04-07,1030,503,7,Low,Sensor,Escalated,1.7,Yes,271.36
70493,2024-01-28,1012,510,9,Medium,Software,Resolved,10.9,Yes,649.91
70494,2024-07-30,1013,508,2,Medium,Sensor,Resolved,6.0,Yes,587.5
70495,2024-12-20,1024,502,9,Medium,Calibration,Escalated,7.5,No,518.82
70496,2024-11-09,1022,510,3,Critical,Software,Resolved,21.5,Yes,1534.94
70497,2024-04-01,1012,502,3,High,Software,Resolved,21.2,No,2044.6
70498,2024-11-14,1001,510,8,High,Software,Resolved,17.7,Yes,1346.66
70499,2024-10-28,1018,510,9,Medium,Software,Resolved,4.7,Yes,391.83
70500,2024-04-04,1037,510,5,Low,Sensor,Resolved,4.5,Yes,384.45
70501,2024-01-26,1037,509,3,Low,Calibration,Escalated,4.9,Yes,528.4
70502,2024-07-03,1025,502,7,Critical,Network,Resolved,27.7,Yes,1747.37
70503,2024-05-29,1014,510,1,Medium,Mechanical,Escalated,12.6,Yes,885.44
70504,2024-11-18,1019,507,10,Medium,Sensor,Resolved,12.4,Yes,1135.79
70505,2024-09-26,1032,508,3,Medium,Network,Resolved,2.8,Yes,346.75
70506,2024-12-28,1008,512,4,Low,Network,Resolved,1.4,Yes,174.95
70507,2024-07-30,1017,502,5,Low,Sensor,Escalated,2.3,Yes,321.37
70508,2024-10-08,1037,510,1,Medium,Software,Resolved,12.7,Yes,1088.45
70509,2024-06-18,1010,511,8,High,Network,Resolved,22.5,Yes,1096.94
70510,2024-08-24,1020,510,6,High,Network,Escalated,12.6,Yes,1205.15
70511,2024-01-10,1018,501,6,Low,Calibration,Escalated,2.9,No,376.3
70512,2024-03-25,1020,512,6,Medium,Mechanical,Resolved,2.7,Yes,377.48
70513,2024-07-30,1012,502,6,Low,Mechanical,Resolved,5.1,No,421.19
70514,2024-02-17,1013,506,8,Medium,Network,Resolved,5.8,Yes,510.98
70515,2024-06-16,1003,508,7,Low,Network,Resolved,6.1,No,524.79
70516,2024-01-03,1022,508,1,Medium,Mechanical,Escalated,3.7,Yes,500.34
70517,2024-12-03,1019,505,9,High,Sensor,Resolved,26.7,Yes,1537.74
70518,2024-12-09,1040,509,9,Low,Mechanical,Resolved,4.4,Yes,280.95
70519,2024-10-04,1005,505,10,Medium,Sensor,Escalated,7.3,No,495.96
70520,2024-08-15,1025,501,2,Low,Calibration,Resolved,4.8,Yes,461.87
70521,2024-04-01,1022,504,9,High,Mechanical,Resolved,23.0,Yes,1631.72
70522,2024-10-17,1030,505,8,Low,Calibration,Resolved,2.6,No,340.85
70523,2024-04-24,1022,506,8,Low,Calibration,Resolved,5.0,yes,455.95
70524,2024-02-03,1023,510,10,Medium,Software,Escalated,6.5,Yes,493.15
70525,2024-02-22,1030,507,10,Medium,Calibration,Resolved,7.7,Yes,448.19
70526,2024-11-13,1014,512,10,Low,Calibration,Resolved,3.3,Yes,259.98
70527,2024-10-17,1037,508,2,High,Network,Escalated,11.5,Yes,749.84
70528,2024-08-25,1026,502,10,Medium,Mechanical,Escalated,7.4,Yes,573.18
70529,2024-07-13,1001,503,3,Medium,Calibration,Escalated,7.3,Yes,503.74
70530,2024-05-29,1021,505,10,Medium,Sensor,Resolved,7.1,Yes,531.63
70531,2024-06-25,1004,506,9,Critical,Mechanical,Resolved,14.6,Yes,1449.23
70532,2024-12-26,1002,504,7,Medium,Network,Resolved,5.8,No,363.61
70533,2024-11-16,1013,509,7,Medium,Sensor,Resolved,5.7,Yes,550.79
70534,2024-03-19,1002,503,8,Low,Calibration,Resolved,5.1,No,283.6
70535,2024-02-13,1040,503,8,Low,Network,Resolved,5.1,No,594.28
70536,2024-10-09,1001,510,8,High,Software,Escalated,4.1,Yes,327.24
70537,2024-05-17,1008,510,8,Medium,Mechanical,Resolved,5.1,No,521.26
70538,2024-09-26,1006,509,10,Critical,Mechanical,Resolved,24.9,No,2193.88
70539,2024-08-29,1040,501,6,Medium,Network,Resolved,5.5,Yes,520.11
70540,2024-08-28,1023,505,5,Medium,Software,Resolved,3.9,No,367.1
70541,2024-12-21,1011,510,1,Critical,Sensor,Escalated,27.9,Yes,1446.35
70542,2024-01-14,1018,505,3,Low,Network,Resolved,1.4,Yes,271.65
70543,2024-05-20,1029,506,3,High,Sensor,Resolved,19.1,Yes,1471.84
70544,2024-09-05,1010,510,3,Low,Calibration,Resolved,4.1,Yes,388.42
70545,2024-07-15,1017,502,1,Low,Software,Resolved,1.9,Yes,237.38
70546,2024-07-23,1015,507,7,Medium,Calibration,Resolved,9.7,Yes,1082.44
70547,2024-03-15,1034,511,1,Medium,Mechanical,Escalated,5.6,No,435.79
70548,2024-11-22,1018,506,5,Medium,Sensor,Resolved,9.1,No,824.64
70549,2024-05-10,1013,509,6,Medium,Software,Resolved,3.7,No,428.32
70550,2024-10-07,1034,502,8,Low,Sensor,Resolved,5.7,Yes,369.89
70551,2024-05-25,1014,510,2,Low,Mechanical,Resolved,6.2,Yes,644.1
70552,2024-11-05,1012,502,3,Low,Sensor,Resolved,4.5,Yes,526.87
70553,2024-08-27,1021,505,3,Medium,Mechanical,Resolved,11.1,No,1071.09
70554,2024-02-01,1017,503,8,Medium,Mechanical,Resolved,9.6,Yes,652.84
70555,2024-04-12,1007,508,5,Medium,Mechanical,Resolved,9.6,Yes,860.29
70556,2024-02-07,1032,503,1,Low,Mechanical,Resolved,5.7,No,501.39
70557,2024-05-16,1031,507,7,Low,Mechanical,Escalated,3.2,Yes,416.0
70558,2024-04-25,1037,509,6,Low,Sensor,Resolved,5.4,No,570.63
70559,2024-07-24,1030,505,4,Low,Software,Escalated,6.3,Yes,633.51
70560,2024-01-21,1007,511,6,Critical,Calibration,Resolved,27.7,Yes,1750.65
70561,2024-11-19,1025,502,9,Medium,Sensor,Resolved,8.3,Yes,849.93
70562,2024-09-30,1022,501,6,Critical,Mechanical,Resolved,30.8,No,2897.48
70563,2024-03-01,1038,504,2,Low,Mechanical,Resolved,2.9,No,373.26
70564,2024-09-07,1009,501,3,Medium,Mechanical,Resolved,4.8,Yes,464.57
70565,2024-02-19,1040,504,2,Medium,Software,Resolved,10.0,No,612.65
70566,2024-06-21,1037,509,3,High,Sensor,Resolved,23.5,No,1932.98
70567,2024-01-24,1036,503,8,Medium,Software,Escalated,7.2,Yes,618.79
70568,2024-01-21,1011,501,8,Low,Mechanical,Resolved,4.7,No,447.77
70569,2024-01-04,1031,512,3,Low,Software,Resolved,6.0,No,560.2
70570,2024-11-23,1003,510,3,Low,Calibration,Escalated,5.2,Yes,347.62
70571,2024-02-15,1034,502,10,Medium,Sensor,Escalated,8.6,Yes,529.48
70572,2024-09-16,1013,502,3,Low,Calibration,Resolved,2.6,No,272.47
70573,2024-03-31,1040,508,1,Low,Mechanical,Resolved,4.5,Yes,314.91
70574,2024-10-02,1016,512,8,Low,Network,Escalated,3.8,No,304.05
70575,2024-06-15,1016,512,7,Medium,Software,Resolved,7.9,Yes,460.0
70576,2024-04-22,1014,510,8,Low,Software,Resolved,0.6,Yes,127.09
70577,2024-07-10,1037,501,5,Low,Software,Resolved,3.6,No,241.3
70578,2024-08-26,1039,503,10,Medium,Software,Escalated,3.6,Yes,403.4
70579,2024-10-10,1030,505,1,High,Calibration,Resolved,26.8,Yes,2666.67
70580,2024-05-06,1010,510,1,Medium,Calibration,Resolved,11.3,Yes,1138.9
70581,2024-01-21,1007,508,8,Critical,Software,Resolved,26.6,Yes,1887.19
70582,2024-10-12,1023,505,4,High,Mechanical,Resolved,8.5,Yes,614.55
70583,2024-09-02,1030,503,7,Medium,Software,Resolved,9.9,Yes,930.17
70584,2024-11-16,1022,509,1,Medium,Sensor,Resolved,11.0,Yes,1000.94
70585,2024-05-18,1022,512,1,Medium,Network,Resolved,4.8,Yes,512.0
70586,2024-01-27,1012,511,9,Low,Mechanical,Escalated,2.6,Yes,283.29
70587,2024-12-29,1038,512,4,High,Software,Resolved,19.7,Yes,1678.53
70588,2024-06-29,1024,506,8,High,Calibration,Escalated,20.4,Yes,1379.19
70589,2024-09-26,1024,511,2,High,Software,Resolved,8.3,No,848.13
70590,2024-02-14,1007,503,5,Low,Mechanical,Resolved,4.4,No,453.63
70591,2024-09-11,1009,508,6,Low,Calibration,Resolved,5.1,Yes,478.55
70592,2024-11-26,1034,511,6,Low,Calibration,Escalated,7.8,Yes,523.95
70593,2024-06-24,1030,505,10,Medium,Software,Resolved,8.8,Yes,748.0
70594,2024-03-28,1004,503,6,High,Sensor,Resolved,8.8,Yes,631.5
70595,2024-03-26,1010,503,4,Medium,Mechanical,Resolved,10.1,Yes,690.52
70596,2024-06-11,1003,511,6,Medium,Sensor,Resolved,11.4,Yes,780.64
70597,2024-07-09,1010,508,6,Medium,Software,Resolved,11.9,Yes,737.92
70598,2024-10-06,1019,510,3,Critical,Network,Resolved,25.9,Yes,2184.36
70599,2024-06-22,1026,510,4,Medium,Calibration,Resolved,7.2,Yes,597.8
70600,2024-02-17,1018,504,1,Medium,Mechanical,Escalated,1.2,Yes,180.47
70601,2024-08-16,1033,501,6,Medium,Calibration,Resolved,16.4,Yes,1268.75
70602,2024-08-06,1029,509,2,Medium,Software,Resolved,5.7,Yes,420.87
70603,2024-07-31,1009,510,10,High,Mechanical,Resolved,13.2,No,1055.09
70604,2024-04-16,1038,507,2,Medium,Mechanical,Resolved,13.6,No,1049.58
70605,2024-11-23,1012,507,5,Critical,Network,Resolved,15.7,No,1344.01
70606,2024-01-22,1030,504,1,High,Mechanical,Resolved,20.2,Yes,1609.0
70607,2024-05-14,1012,508,4,Medium,Mechanical,Resolved,5.1,Yes,471.09
70608,2024-05-21,1031,510,7,Medium,Sensor,Resolved,4.5,No,422.37
70609,2024-12-21,1010,506,8,High,Software,Resolved,8.7,Yes,629.1
70610,2024-03-24,1004,505,5,Low,Network,Resolved,5.9,Yes,645.12
70611,2024-09-20,1021,511,5,Low,Sensor,Resolved,2.1,Yes,190.12
70612,2024-02-19,1019,506,8,Medium,Calibration,Resolved,4.1,Yes,258.61
70613,2024-03-24,1034,509,9,Low,Mechanical,Resolved,4.6,Yes,543.74
70614,2024-08-23,1023,505,6,Critical,Software,Resolved,34.5,Yes,1802.0
70615,2024-11-01,1009,512,3,Medium,Software,Resolved,9.9,Yes,855.36
70616,2024-03-05,1008,502,1,Low,Calibration,Resolved,3.8,No,409.06
70617,2024-01-22,1003,502,5,Low,Mechanical,Resolved,6.3,Yes,614.8
70618,2024-03-04,1023,501,2,Critical,Software,Resolved,31.4,Yes,2881.11
70619,2024-10-23,1007,510,1,Medium,Network,Resolved,10.0,No,693.55
70620,2024-04-08,1007,504,9,Critical,Calibration,Resolved,39.2,Yes,3262.65
70621,2024-12-23,1014,509,4,Medium,Calibration,Resolved,0.5,Yes,119.7
70622,2024-06-09,1019,509,1,Low,Mechanical,Resolved,5.5,Yes,442.09
70623,2024-09-09,1036,507,5,Low,Calibration,Resolved,3.5,Yes,428.24
70624,2024-02-05,1001,511,8,High,Mechanical,Resolved,24.5,No,2339.01
70625,2024-08-12,1011,502,6,Medium,Software,Resolved,7.3,Yes,778.15
70626,2024-04-12,1032,505,10,Medium,Network,Resolved,6.6,No,508.37
70627,2024-11-25,1010,508,2,Critical,Mechanical,Resolved,17.7,No,1782.51
70628,2024-09-07,1004,502,8,Medium,Mechanical,Resolved,11.7,Yes,643.17
70629,2024-07-14,1034,508,8,Medium,Software,Resolved,6.7,Yes,695.15
70630,2024-12-04,1035,509,1,Medium,Mechanical,Resolved,10.4,Yes,915.77
70631,2024-03-01,1020,512,3,Medium,Calibration,Resolved,6.8,Yes,437.37
70632,2024-03-09,1032,511,9,Medium,Network,Escalated,10.9,Yes,1029.28
70633,2024-08-28,1040,511,6,Medium,Sensor,Resolved,10.3,Yes,913.02
70634,2024-02-01,1038,501,6,Low,Calibration,Resolved,2.5,Yes,299.91
70635,2024-08-07,1038,502,2,Medium,Sensor,Resolved,6.1,Yes,486.68
70636,2024-06-21,1028,510,9,Low,Calibration,Resolved,5.2,Yes,382.12
70637,2024-01-11,1032,502,4,Medium,Sensor,Resolved,0.5,Yes,155.31
70638,2024-09-14,1028,504,8,High,Mechanical,Escalated,6.2,Yes,404.57
70639,2024-04-19,1006,512,10,Low,Mechanical,Escalated,9.1,Yes,666.0
70640,2024-06-21,1023,502,5,Low,Network,Resolved,5.6,Yes,497.58
70641,2024-08-09,1036,503,1,Medium,Network,Resolved,6.7,Yes,615.03
70642,2024-10-22,1018,511,9,Medium,Network,Resolved,11.1,Yes,1145.63
70643,2024-10-16,1020,507,7,High,Sensor,Resolved,20.0,Yes,1294.73
70644,2024-11-20,1017,511,10,Low,Software,Resolved,4.4,Yes,515.5
70645,2024-05-02,1028,507,1,Low,Software,Resolved,4.4,No,420.88
70646,2024-05-19,1012,511,1,Low,Calibration,Resolved,5.1,Yes,572.96
70647,2024-01-29,1024,511,2,High,Calibration,Resolved,23.5,No,2208.94
70648,2024-04-30,1038,509,5,Low,Calibration,Resolved,5.1,No,581.35
70649,2024-05-01,1016,507,4,Medium,Software,Resolved,8.4,no,852.69
70650,2024-03-30,1004,508,9,Low,Sensor,Resolved,2.6,Yes,345.41
70651,2024-06-11,1031,512,6,Medium,Sensor,Resolved,5.6,Yes,517.68
70652,2024-11-26,1004,512,4,Critical,Sensor,Escalated,29.3,Yes,2690.46
70653,2024-07-15,1029,507,1,Medium,Calibration,Resolved,10.9,No,733.07
70654,2024-06-03,1011,508,6,Low,Calibration,Resolved,3.6,No,262.25
70655,2024-05-20,1028,502,3,High,Sensor,Escalated,22.7,Yes,1661.62
70656,2024-02-03,1030,512,1,Medium,Mechanical,Resolved,1.2,Yes,255.61
70657,2024-11-18,1008,503,4,Medium,Network,Resolved,7.8,Yes,593.81
70658,2024-10-31,1009,505,3,Medium,Network,Resolved,7.8,No,581.67
70659,2024-05-24,1015,501,1,Low,Network,Escalated,3.1,No,465.12
70660,2024-11-16,1011,501,7,Low,Network,Resolved,4.5,Yes,373.67
70661,2024-11-03,1028,508,8,Low,Mechanical,Resolved,5.3,No,418.94
70662,2024-04-14,1032,507,3,Low,Calibration,Resolved,4.8,No,475.54
70663,2024-11-03,1002,505,5,Low,Software,Escalated,5.2,Yes,443.54
70664,2024-08-18,1001,508,3,Critical,Sensor,Resolved,11.9,Yes,1045.11
70665,2024-12-17,1004,506,4,Low,Calibration,Resolved,2.8,Yes,256.49
70666,2024-11-06,1003,501,5,Critical,Network,Escalated,35.9,No,2844.01
70667,2024-07-14,1017,503,9,Medium,Calibration,Resolved,5.6,No,533.16
70668,2024-08-27,1008,506,1,Low,Software,Resolved,4.9,Yes,395.98
70669,2024-05-23,1017,509,6,High,Calibration,Resolved,20.7,No,1722.97
70670,2024-06-10,1029,501,4,High,Software,Resolved,13.7,Yes,1387.31
70671,2024-04-27,1032,501,8,Low,Sensor,Escalated,3.1,Yes,338.62
70672,2024-09-05,1023,502,4,Medium,Sensor,Resolved,8.4,Yes,726.95
70673,2024-03-27,1001,509,10,High,Software,Resolved,19.6,Yes,1289.79
70674,2024-02-09,1019,511,2,Low,Calibration,Resolved,2.2,Yes,188.53
70675,2024-10-29,1031,508,5,Critical,Network,Resolved,35.8,Yes,2582.2
70676,2024-06-17,1037,503,4,Critical,Mechanical,Resolved,34.1,Yes,3234.26
70677,2024-06-14,1016,507,2,High,Mechanical,Resolved,15.7,Yes,845.08
70678,2024-03-24,1010,502,5,Medium,Calibration,Resolved,4.0,Yes,501.23
70679,2024-06-07,1029,507,8,Critical,Sensor,Escalated,19.6,Yes,1298.08
70680,2024-11-03,1028,511,7,Medium,Mechanical,Resolved,6.2,No,660.9
70681,2024-09-19,1034,502,5,Medium,Calibration,Resolved,5.8,Yes,415.13
70682,2024-02-10,1020,504,9,Critical,Calibration,Resolved,29.8,Yes,1605.43
70683,2024-10-18,1037,505,6,Low,Sensor,Escalated,4.4,Yes,328.49
70684,2024-02-11,1012,507,1,High,Mechanical,Resolved,16.9,Yes,1489.55
70685,2024-12-26,1012,504,3,Low,Mechanical,Escalated,2.5,Yes,258.19
70686,2024-05-12,1008,501,3,High,Calibration,Resolved,12.3,Yes,903.19
70687,2024-12-20,1040,506,7,Medium,Sensor,Resolved,5.1,No,473.08
70688,2024-03-05,1013,501,4,Low,Calibration,Resolved,1.8,Yes,299.72
70689,2024-11-28,1010,508,7,Low,Mechanical,Resolved,5.7,Yes,439.59
70690,2024-03-26,1002,508,10,Critical,Software,Resolved,9.5,No,746.31
70691,2024-05-30,1027,508,10,Medium,Network,Escalated,8.5,Yes,798.78
70692,2024-05-28,1032,504,1,Low,Network,Resolved,3.6,Yes,404.83
70693,2024-08-04,1040,511,6,Medium,Calibration,Resolved,5.6,Yes,542.01
70694,2024-01-11,1033,504,10,Low,Sensor,Escalated,3.6,No,345.32
70695,2024-12-02,1024,508,3,Medium,Network,Resolved,11.8,Yes,966.36
70696,2024-05-24,1011,510,8,Medium,Mechanical,Resolved,4.6,Yes,369.26
70697,2024-09-09,1011,503,9,Medium,Mechanical,Resolved,8.3,Yes,823.34
70698,2024-06-21,1017,506,6,Medium,Mechanical,Escalated,9.0,Yes,519.65
70699,2024-05-16,1029,508,2,High,Mechanical,Escalated,23.9,Yes,1229.03
70700,2024-11-08,1007,503,2,High,Software,Resolved,5.6,No,510.17
70701,2024-03-21,1024,506,3,High,Mechanical,Resolved,13.2,Yes,1216.3
70702,2024-08-12,1031,506,5,Critical,Network,Resolved,9.7,No,609.96
70703,2024-02-13,1034,507,4,Low,Software,Resolved,3.6,Yes,361.76
70704,2024-07-30,1024,501,8,Critical,Software,Resolved,16.7,No,1659.19
70705,2024-09-21,1003,511,3,Critical,Network,Resolved,36.4,No,1968.14
70706,2024-11-19,1027,507,9,Critical,Sensor,Resolved,32.9,No,3116.29
70707,2024-06-25,1014,509,10,Low,Network,Resolved,3.6,No,388.37
70708,2024-12-23,1020,502,1,Medium,Network,Resolved,11.9,No,1081.08
70709,2024-07-18,1036,505,9,High,Sensor,Resolved,15.8,No,972.01
70710,2024-01-12,1020,512,7,Low,Network,Resolved,3.2,No,302.24
70711,2024-01-31,1029,505,10,High,Mechanical,Resolved,15.5,Yes,1473.28
70712,2024-06-22,1035,510,4,Critical,Sensor,Resolved,41.3,No,4022.59
70713,2024-05-25,1007,506,9,Medium,Network,Resolved,9.7,Yes,772.42
70714,2024-07-03,1006,501,7,Medium,Software,Resolved,4.2,Yes,372.56
70715,2024-04-19,1017,510,8,Medium,Calibration,Resolved,5.3,Yes,467.08
70716,2024-12-18,1010,509,3,Critical,Calibration,Resolved,38.0,Yes,3727.5
70717,2024-03-07,1011,509,6,Critical,Mechanical,Escalated,14.3,Yes,995.0
70718,2024-07-28,1008,506,5,Low,Sensor,Resolved,3.8,Yes,340.12
70719,2024-05-30,1019,504,3,Medium,Calibration,Resolved,8.5,Yes,584.14
70720,2024-03-03,1020,510,8,Medium,Sensor,Resolved,6.3,Yes,404.19
70721,2024-08-31,1029,503,6,High,Mechanical,Escalated,17.7,Yes,1516.87
70722,2024-12-06,1003,511,8,Medium,Sensor,Resolved,6.5,Yes,666.1
70723,2024-03-25,1036,502,4,High,Network,Escalated,5.7,No,458.68
70724,2024-10-22,1033,501,2,High,Network,Resolved,11.0,No,937.07
70725,2024-01-10,1035,510,6,Low,Calibration,Escalated,4.8,No,390.33
70726,2024-01-24,1002,509,6,Medium,Calibration,Resolved,13.8,No,908.06
70727,2024-02-16,1020,507,3,Low,Mechanical,Escalated,4.8,Yes,313.47
70728,2024-06-15,1010,507,6,Low,Sensor,Resolved,4.6,No,313.32
70729,2024-03-02,1008,505,1,Low,Sensor,Resolved,4.1,Yes,399.56
70730,2024-10-10,1002,505,9,Medium,Network,Resolved,12.3,Yes,866.18
70731,2024-05-06,1033,504,3,High,Sensor,Escalated,14.1,Yes,1121.25
70732,2024-03-27,1029,501,1,High,Calibration,Escalated,13.3,Yes,1064.36
70733,2024-05-28,1025,506,4,Medium,Network,Escalated,8.6,No,569.68
70734,2024-05-24,1026,512,2,Low,Software,Escalated,4.5,no,403.31
70735,2024-05-23,1017,512,8,High,Sensor,Resolved,17.8,No,1777.87
70736,2024-12-05,1002,512,3,Critical,Mechanical,Escalated,40.9,Yes,2908.7
70737,2024-08-31,1026,509,2,Low,Mechanical,Escalated,5.0,yes,507.14
70738,2024-01-16,1025,510,6,High,Calibration,Resolved,16.2,No,1131.81
70739,2024-12-22,1018,511,6,Critical,Software,Resolved,35.6,Yes,1772.43
70740,2024-11-10,1024,501,5,Medium,Calibration,Escalated,10.2,No,768.21
70741,2024-04-17,1011,509,4,Low,Network,Escalated,6.3,Yes,480.92
70742,2024-10-16,1037,504,9,Low,Sensor,Resolved,3.8,Yes,355.67
70743,2024-12-13,1001,507,1,Low,Sensor,Resolved,6.4,Yes,684.78
70744,2024-07-27,1003,512,4,Low,Mechanical,Resolved,3.5,Yes,324.22
70745,2024-08-03,1015,512,7,Medium,Mechanical,Resolved,6.7,Yes,761.71
70746,2024-04-10,1031,507,1,Low,Network,Resolved,5.5,Yes,457.06
70747,2024-05-08,1016,502,10,Low,Network,Resolved,0.5,No,156.58
70748,2024-02-18,1003,507,6,Medium,Mechanical,Resolved,9.3,Yes,489.2
70749,2024-02-01,1036,501,5,Critical,Calibration,Resolved,19.1,Yes,1064.29
70750,2024-02-19,1040,501,8,Medium,Calibration,Resolved,9.0,Yes,955.81
70751,2024-08-07,1022,510,4,High,Mechanical,Resolved,11.7,No,1086.25
70752,2024-01-07,1037,503,9,Medium,Sensor,Resolved,6.0,Yes,561.68
70753,2024-08-03,1038,507,9,Medium,Sensor,Resolved,6.5,Yes,349.81
70754,2024-10-25,1022,505,6,High,Mechanical,Escalated,13.2,No,766.85
70755,2024-10-27,1023,504,4,Medium,Software,Resolved,9.4,No,715.77
70756,2024-06-23,1022,510,10,Low,Sensor,Escalated,4.9,Yes,494.13
70757,2024-06-02,1001,511,4,Medium,Software,Resolved,9.8,No,521.17
70758,2024-11-15,1025,504,7,Low,Software,Resolved,5.5,Yes,625.43
70759,2024-07-04,1024,501,1,Low,Software,Resolved,2.7,Yes,314.6
70760,2024-05-25,1036,504,3,Low,Software,Resolved,5.6,No,534.44
70761,2024-03-31,1008,506,4,High,Sensor,Resolved,17.1,Yes,1255.21
70762,2024-05-02,1040,507,2,Medium,Mechanical,Resolved,7.6,Yes,521.96
70763,2024-03-07,1016,501,10,High,Network,Resolved,18.2,Yes,1560.45
70764,2024-10-01,1018,503,9,Low,Network,Resolved,5.5,Yes,448.77
70765,2024-04-17,1033,506,8,High,Network,Resolved,18.4,Yes,1071.9
70766,2024-04-01,1032,508,5,Medium,Network,Resolved,2.5,Yes,348.13
70767,2024-11-22,1026,504,5,Critical,Calibration,Resolved,25.4,Yes,1576.18
70768,2024-10-19,1006,505,8,Low,Network,Resolved,3.8,No,254.62
70769,2024-04-27,1032,506,5,Medium,Calibration,Resolved,3.6,Yes,339.77
70770,2024-04-01,1019,509,9,Medium,Network,Resolved,9.0,Yes,621.42
70771,2024-05-21,1022,505,5,Critical,Sensor,Resolved,31.5,Yes,1788.38
70772,2024-12-27,1035,505,1,Medium,Sensor,Resolved,8.7,Yes,912.34
70773,2024-06-26,1033,503,7,High,Software,Resolved,10.6,Yes,929.27
70774,2024-04-17,1030,506,2,Medium,Sensor,Resolved,9.9,Yes,990.93
70775,2024-08-07,1037,503,5,High,Mechanical,Resolved,14.6,Yes,1152.11
70776,2024-12-03,1026,512,9,High,Sensor,Resolved,11.8,Yes,921.73
70777,2024-10-27,1039,510,10,Low,Calibration,Resolved,4.8,Yes,524.08
70778,2024-04-14,1022,510,8,Critical,Sensor,Resolved,3.3,Yes,317.72
70779,2024-03-28,1005,507,5,Low,Software,Resolved,3.6,Yes,303.55
70780,2024-05-29,1011,506,7,Medium,,Resolved,7.7,Yes,481.96
70781,2024-02-26,1014,505,7,Low,Calibration,Resolved,1.7,Yes,210.47
70782,2024-11-05,1030,505,4,Medium,Mechanical,Resolved,10.6,Yes,733.59
70783,2024-08-16,1030,508,10,Low,Mechanical,Resolved,1.7,Yes,332.14
70784,2024-05-27,1020,507,10,Medium,Software,Resolved,11.4,No,882.34
70785,2024-05-07,1007,507,1,Low,Software,Resolved,2.7,Yes,356.21
70786,2024-05-20,1014,508,7,High,Network,Resolved,11.4,Yes,925.01
70787,2024-07-07,1033,501,8,Low,Mechanical,Resolved,6.2,Yes,484.29
70788,2024-11-23,1013,507,1,Medium,Mechanical,Resolved,11.4,No,884.53
70789,2024-02-28,1016,512,8,High,Software,Resolved,22.2,Yes,1545.97
70790,2024-05-22,1019,502,9,High,Calibration,Resolved,23.2,Yes,1103.05
70791,2024-02-09,1035,504,8,Medium,Mechanical,Escalated,10.6,Yes,719.9
70792,2024-11-24,1029,501,10,Medium,Mechanical,Resolved,8.2,Yes,555.41
70793,2024-07-12,1001,506,4,High,Mechanical,Resolved,21.6,Yes,1166.6
70794,2024-02-19,1027,509,2,High,Sensor,Resolved,13.3,No,760.21
70795,2024-10-14,1007,506,6,Medium,Software,Resolved,2.7,Yes,241.1
70796,2024-07-24,1018,511,10,Medium,Sensor,Resolved,2.7,Yes,209.84
70797,2024-02-04,1037,503,5,High,Mechanical,Escalated,6.7,Yes,781.56
70798,2024-06-15,1009,506,3,Critical,Sensor,Resolved,38.1,Yes,3200.93
70799,2024-02-04,1038,512,1,Medium,Software,Resolved,4.7,Yes,423.88
70800,2024-11-11,1016,510,2,High,Mechanical,Resolved,10.6,Yes,699.42
70801,2024-07-10,1029,512,6,Medium,Software,Resolved,8.9,Yes,656.99
70802,2024-06-11,1019,501,4,Medium,Sensor,Resolved,11.0,No,977.44
70803,2024-05-04,1015,510,7,Low,Network,Resolved,7.4,No,774.87
70804,2024-04-03,1013,501,3,Medium,Software,Resolved,10.4,Yes,952.93
70805,2024-02-16,1030,505,3,Low,Software,Resolved,1.3,Yes,188.21
70806,2024-08-05,1013,505,8,Low,Mechanical,Resolved,3.1,Yes,284.42
70807,2024-07-22,1031,501,7,Medium,Calibration,Resolved,4.7,Yes,361.41
70808,2024-06-02,1030,505,8,Medium,Sensor,Resolved,8.6,Yes,765.77
70809,2024-10-14,1001,509,6,Medium,Calibration,Resolved,9.6,Yes,560.4
70810,2024-07-31,1038,502,7,Critical,Mechanical,Resolved,30.7,No,2062.4
70811,2024-07-16,1023,509,8,Critical,Sensor,Resolved,37.9,No,3322.34
70812,2024-11-29,1024,511,1,Medium,Software,Resolved,12.6,Yes,828.47
70813,2024-11-05,1001,502,2,Medium,Calibration,Resolved,7.0,Yes,819.6
70814,2024-12-27,1028,503,7,Medium,Sensor,Resolved,5.8,No,465.36
70815,2024-09-13,1006,502,10,Critical,Sensor,Resolved,22.0,Yes,1620.52
70816,2024-05-17,1011,508,1,High,Mechanical,Resolved,10.7,No,769.87
70817,2024-12-22,1009,504,8,Medium,Software,Escalated,5.7,Yes,360.33
70818,2024-02-26,1012,504,5,Medium,,Resolved,9.3,No,535.44
70819,2024-11-16,1005,506,1,Critical,Network,Resolved,40.3,Yes,2028.64
70820,2024-09-01,1001,511,10,Medium,Mechanical,Resolved,10.9,No,563.58
70821,2024-04-18,1031,506,10,Medium,Calibration,Resolved,12.3,No,1209.52
70822,2024-07-08,1024,511,7,Medium,Calibration,Escalated,8.2,Yes,561.37
70823,2024-01-30,1009,501,10,Critical,Mechanical,Escalated,42.2,Yes,3828.17
70824,2024-05-23,1031,509,7,Critical,Software,Resolved,13.5,No,876.61
70825,2024-11-22,1021,511,8,Critical,Software,Escalated,28.8,Yes,1527.25
70826,2024-09-05,1031,511,2,Medium,Calibration,Resolved,7.5,Yes,465.04
70827,2024-11-06,1009,508,2,Low,Sensor,Escalated,5.2,Yes,567.6
70828,2024-08-27,1016,504,4,Low,Software,Resolved,5.5,Yes,418.59
70829,2024-02-24,1015,512,5,Medium,Calibration,Resolved,7.6,No,842.94
70830,2024-12-06,1022,504,10,Low,Network,Resolved,3.1,Yes,288.22
70831,2024-11-25,1028,504,4,Medium,Sensor,Resolved,12.5,No,1132.51
70832,2024-05-28,1008,510,6,Low,Software,Resolved,2.6,Yes,401.97
70833,2024-07-13,1021,506,3,Medium,Network,Escalated,9.1,Yes,991.31
70834,2024-10-29,1010,505,4,Low,Calibration,Resolved,4.0,Yes,390.57
70835,2024-03-16,1020,509,2,Medium,Sensor,Escalated,10.9,No,1001.42
70836,2024-09-01,1004,506,3,Medium,Software,Resolved,11.8,Yes,896.95
70837,2024-12-24,1011,501,9,High,Calibration,Resolved,25.8,No,2173.18
70838,2024-08-04,1034,512,5,Medium,Sensor,Resolved,5.4,No,537.97
70839,2024-12-24,1020,508,3,High,Network,Resolved,13.3,No,1149.37
70840,2024-08-14,1013,512,1,Medium,Sensor,Escalated,9.0,Yes,529.43
70841,2024-02-22,1004,502,6,Medium,Calibration,Resolved,9.8,No,821.78
70842,2024-01-27,1010,511,7,Low,Software,Resolved,3.9,Yes,339.59
70843,2024-03-01,1006,508,7,Low,Sensor,Resolved,1.6,No,211.79
70844,2024-07-07,1033,504,1,Low,Network,Escalated,4.2,Yes,350.08
70845,2024-10-20,1028,505,10,Medium,Software,Resolved,7.5,Yes,681.48
70846,2024-06-15,1002,507,9,Low,Network,Escalated,3.3,No,332.99
70847,2024-09-07,1014,511,2,Low,Software,Escalated,5.0,No,543.56
70848,2024-12-21,1009,510,4,Low,Software,Resolved,2.3,Yes,237.71
70849,2024-10-14,1011,507,1,Low,Software,Resolved,4.0,Yes,433.65
70850,2024-01-24,1029,503,10,Critical,Calibration,Resolved,23.3,Yes,2099.11
70851,2024-09-24,1003,504,1,Critical,Software,Resolved,43.3,yes,3577.14
70852,2024-06-02,1038,506,5,High,Software,Escalated,15.8,Yes,936.4
70853,2024-08-04,1017,511,7,Low,Software,Escalated,4.0,No,295.0
70854,2024-04-14,1013,512,6,Low,Network,Escalated,5.6,No,676.13
70855,2024-11-05,1016,502,5,Low,Mechanical,Escalated,4.6,No,487.68
70856,2024-02-26,1022,505,3,Medium,Software,Resolved,5.5,Yes,374.09
70857,2024-01-06,1034,512,5,Low,Network,Resolved,5.1,No,471.33
70858,2024-02-18,1039,502,1,Medium,Software,Resolved,7.7,No,798.96
70859,2024-07-18,1026,508,10,Low,Software,Resolved,4.8,No,527.17
70860,2024-01-05,1037,512,5,Medium,Mechanical,Resolved,3.5,No,318.25
70861,2024-12-28,1030,509,5,High,Sensor,Resolved,13.1,Yes,960.74
70862,2024-09-23,1006,505,7,Critical,Sensor,Resolved,17.5,No,1574.7
70863,2024-11-20,1036,508,1,Low,Calibration,Escalated,3.5,Yes,321.36
70864,2024-03-10,1008,507,1,Medium,Network,Resolved,0.5,Yes,227.3
70865,2024-01-04,1034,511,10,High,Mechanical,Escalated,12.9,Yes,1248.3
70866,2024-08-17,1015,503,2,Critical,Sensor,Resolved,10.2,Yes,1023.02
70867,2024-09-20,1016,509,2,Medium,Sensor,Resolved,11.6,Yes,1165.28
70868,2024-09-04,1014,505,9,Low,Mechanical,Resolved,4.6,Yes,499.14
70869,2024-11-12,1023,512,3,High,Calibration,Resolved,16.7,Yes,1039.91
70870,2024-01-05,1010,507,2,Low,Calibration,Resolved,4.1,Yes,314.45
70871,2024-03-20,1035,505,2,High,Calibration,Resolved,16.0,Yes,1192.19
70872,2024-03-23,1013,502,4,Low,Sensor,Resolved,5.8,No,441.73
70873,2024-03-09,1018,502,7,Medium,Calibration,Escalated,7.7,Yes,529.38
70874,2024-09-10,1026,509,7,High,Software,Resolved,2.2,No,292.33
70875,2024-02-25,1022,507,10,High,Mechanical,Resolved,20.1,Yes,1621.73
70876,2024-09-02,1010,512,9,Low,Software,Resolved,5.0,Yes,479.82
70877,2024-05-23,1007,512,9,High,Network,Resolved,29.5,Yes,2593.61
70878,2024-04-06,1009,507,1,Critical,Sensor,Resolved,0.9,Yes,130.34
70879,2024-03-15,1015,504,6,Medium,Calibration,Resolved,7.0,Yes,532.71
70880,2024-02-01,1018,506,7,Medium,Software,Resolved,7.1,Yes,495.99
70881,2024-01-25,1039,502,7,Low,Software,Resolved,6.4,Yes,449.73
70882,2024-09-08,1036,503,6,Medium,Sensor,Resolved,8.0,Yes,421.21
70883,2024-10-28,1009,511,10,Medium,Mechanical,Resolved,4.8,Yes,487.87
70884,2024-10-27,1029,502,2,Critical,Network,Escalated,39.7,No,3463.78
70885,2024-06-24,1027,509,5,Medium,Network,Resolved,2.7,Yes,185.26
70886,2024-07-06,1027,509,9,Medium,Mechanical,Resolved,8.9,No,838.02
70887,2024-11-02,1013,512,7,Low,Calibration,Escalated,5.3,No,449.66
70888,2024-09-19,1025,507,10,Critical,Sensor,Resolved,26.1,Yes,2243.35
70889,2024-04-04,1033,512,9,Low,Sensor,Resolved,2.1,Yes,304.31
70890,2024-04-22,1035,504,5,Low,Mechanical,Resolved,3.1,Yes,218.27
70891,2024-05-22,1035,502,1,Critical,Sensor,Escalated,25.5,Yes,1633.2
70892,2024-07-07,1009,507,10,Medium,Sensor,Resolved,13.6,No,1280.64
70893,2024-01-30,1002,509,10,Medium,Mechanical,Resolved,11.0,No,714.91
70894,2024-11-30,1029,504,6,Low,Sensor,Resolved,4.1,Yes,365.5
70895,2024-10-24,1010,508,2,Medium,Calibration,Resolved,10.0,Yes,913.01
70896,2024-08-23,1012,511,5,Low,Mechanical,Resolved,2.8,No,260.73
70897,2024-03-24,1030,511,7,High,Mechanical,Escalated,20.0,Yes,1140.27
70898,2024-03-11,1002,502,1,High,Mechanical,Resolved,7.1,No,621.69
70899,2024-05-07,1007,509,6,High,Mechanical,Resolved,14.3,Yes,1231.76
70900,2024-03-12,1022,508,3,Medium,Software,Resolved,15.5,Yes,1091.22
70901,2024-10-05,1033,507,3,Medium,Mechanical,Resolved,6.9,No,419.38
70902,2024-01-13,1025,511,2,Low,Calibration,Resolved,3.4,Yes,284.7
70903,2024-02-26,1006,501,10,Low,Software,Resolved,5.3,Yes,411.83
70904,2024-08-07,1020,510,5,Medium,Sensor,Resolved,7.3,Yes,623.53
70905,2024-05-18,1001,503,3,Critical,Sensor,Resolved,14.3,No,1185.83
70906,2024-07-18,1008,510,7,Medium,Sensor,Resolved,1.7,No,326.13
70907,2024-02-16,1027,510,6,Medium,Software,Resolved,11.8,Yes,929.21
70908,2024-07-15,1015,507,2,Medium,Network,Resolved,11.9,Yes,968.94
70909,2024-09-26,1002,506,9,Medium,Calibration,Resolved,6.2,No,372.43
70910,2024-02-26,1009,505,8,Low,Software,Escalated,1.5,Yes,307.18
70911,2024-08-03,1025,512,1,Low,Calibration,Resolved,4.3,Yes,547.05
70912,2024-01-28,1011,501,3,High,Sensor,Resolved,14.1,Yes,857.25
70913,2024-02-10,1009,512,9,Low,Sensor,Resolved,7.0,Yes,687.45
70914,2024-07-29,1008,503,1,High,Mechanical,Escalated,16.9,Yes,1327.77
70915,2024-03-29,1017,510,9,Medium,Sensor,Resolved,14.0,Yes,1362.93
70916,2024-08-04,1009,512,4,Critical,Calibration,Escalated,29.4,Yes,1546.11
70917,2024-01-29,1030,508,6,Low,Calibration,Resolved,5.1,Yes,611.12
70918,2024-03-25,1007,502,6,Low,Network,Resolved,6.4,Yes,492.34
70919,2024-01-15,1013,509,4,Low,Mechanical,Resolved,4.4,Yes,384.16
70920,2024-05-17,1031,501,1,Low,Sensor,Resolved,4.6,Yes,414.89
70921,2024-06-07,1023,503,2,Low,Sensor,Resolved,3.2,Yes,330.51
70922,2024-09-14,1025,508,10,Low,Mechanical,Resolved,5.0,No,388.24
70923,2024-03-23,1010,512,3,Low,Network,Escalated,0.8,Yes,243.93
70924,2024-11-07,1022,505,6,Medium,Network,Resolved,9.5,No,751.04
70925,2024-01-21,1010,510,8,High,Mechanical,Resolved,17.0,Yes,1317.33
70926,2024-03-14,1006,508,2,High,Calibration,Resolved,9.7,Yes,1020.78
70927,2024-03-27,1030,505,8,Critical,Sensor,Resolved,32.8,Yes,1674.59
70928,2024-11-28,1024,505,7,Critical,Calibration,Escalated,35.7,No,3448.84
70929,2024-12-14,1033,508,5,Low,Mechanical,Escalated,1.9,No,263.8
70930,2024-11-25,1010,502,5,Low,Calibration,Resolved,6.3,No,624.86
70931,2024-10-18,1035,508,2,Medium,Mechanical,Resolved,10.8,Yes,640.35
70932,2024-02-25,1022,502,6,Critical,Sensor,Escalated,32.9,No,2800.12
70933,2024-09-05,1010,511,4,Low,Sensor,Escalated,4.0,Yes,479.75
70934,2024-01-17,1028,508,4,Critical,Mechanical,Resolved,22.5,No,1248.24
70935,2024-01-12,1026,502,5,Critical,Calibration,Resolved,24.4,Yes,1232.45
70936,2024-09-25,1028,506,5,Low,Software,Resolved,2.8,No,181.44
70937,2024-06-27,1037,507,1,Critical,Network,Escalated,14.2,No,1423.19
70938,2024-04-11,1021,501,3,Low,Calibration,Resolved,4.2,Yes,396.74
70939,2024-09-12,1029,503,8,High,Network,Resolved,28.8,Yes,2066.46
70940,2024-01-19,1011,510,7,Low,Software,Resolved,6.8,No,567.16
70941,2024-04-17,1020,509,2,Critical,Calibration,Resolved,42.5,Yes,3664.7
70942,2024-07-30,1022,502,3,Medium,Calibration,Resolved,7.3,Yes,640.67
70943,2024-07-10,1028,511,5,Low,Network,Resolved,2.3,Yes,344.62
70944,2024-02-14,1027,502,8,High,Network,Escalated,11.5,Yes,1021.96
70945,2024-02-21,1030,509,7,Medium,Mechanical,Resolved,2.2,Yes,250.82
70946,2024-08-28,1026,501,6,Critical,Software,Escalated,27.6,Yes,2440.89
70947,2024-05-25,1001,507,1,Low,Mechanical,Resolved,3.3,No,439.73
70948,2024-03-19,1021,506,3,High,Network,Resolved,11.4,No,962.23
70949,2024-05-03,1028,503,7,Medium,Software,Resolved,4.6,Yes,406.61
70950,2024-06-11,1033,502,10,Medium,Calibration,Resolved,10.8,Yes,703.98
70951,2024-10-10,1010,501,10,Low,Network,Resolved,3.7,Yes,327.24
70952,2024-10-19,1023,503,4,Medium,Software,Resolved,9.3,No,580.87
70953,2024-04-09,1018,502,3,Medium,Mechanical,Escalated,8.2,No,823.53
70954,2024-02-22,1017,503,2,Low,Mechanical,Resolved,6.8,No,393.24
70955,2024-07-04,1005,504,7,Critical,Calibration,Resolved,29.3,No,2032.21
70956,2024-11-20,1012,511,10,Critical,Network,Resolved,33.0,No,1803.51
70957,2024-03-01,1017,502,4,Critical,Network,Resolved,40.9,Yes,3006.57
70958,2024-10-01,1008,504,1,Low,Sensor,Resolved,3.9,Yes,381.24
70959,2024-04-22,1036,511,5,Low,Calibration,Resolved,3.7,Yes,239.91
70960,2024-08-11,1018,507,2,Medium,Network,Escalated,6.4,Yes,400.91
70961,2024-06-08,1018,506,10,Low,Mechanical,Escalated,4.7,Yes,443.69
70962,2024-07-15,1005,508,3,Medium,Mechanical,Escalated,12.9,Yes,955.59
70963,2024-05-09,1002,502,3,Medium,Sensor,Resolved,6.4,Yes,680.25
70964,2024-04-05,1021,502,1,Medium,Sensor,Resolved,13.8,Yes,1161.25
70965,2024-06-17,1014,509,4,Low,Mechanical,Escalated,2.7,Yes,201.49
70966,2024-05-22,1037,511,7,High,Calibration,Resolved,13.7,No,1310.43
70967,2024-06-12,1029,503,10,Low,Sensor,Escalated,5.8,Yes,382.05
70968,2024-07-15,1037,501,8,Low,Sensor,Resolved,4.6,Yes,372.1
70969,2024-07-25,1027,512,5,Low,Sensor,Resolved,2.1,Yes,200.79
70970,2024-06-26,1026,505,8,Medium,Calibration,Resolved,7.2,Yes,566.96
70971,2024-07-10,1028,504,3,Critical,Mechanical,Resolved,34.4,No,1985.46
70972,2024-07-07,1004,505,1,High,Mechanical,Resolved,18.7,Yes,990.0
70973,2024-06-04,1009,510,8,Low,Mechanical,Resolved,2.9,No,220.3
70974,2024-06-12,1027,511,8,High,Mechanical,Escalated,23.7,No,2312.39
70975,2024-09-27,1006,505,5,Low,Mechanical,Resolved,2.2,Yes,290.88
70976,2024-10-12,1005,502,8,High,Mechanical,Resolved,17.0,Yes,1489.12
70977,2024-01-07,1034,509,6,Medium,Sensor,Resolved,4.9,Yes,470.43
70978,2024-12-01,1024,507,8,Low,Network,Escalated,4.3,Yes,449.42
70979,2024-04-13,1007,503,8,High,Mechanical,Resolved,18.0,yes,1263.0
70980,2024-05-03,1034,508,6,Low,Sensor,Resolved,5.2,Yes,409.08
70981,2024-10-08,1018,506,2,Low,Mechanical,Resolved,3.2,Yes,254.84
70982,2024-08-04,1039,508,9,Low,Calibration,Resolved,4.4,Yes,306.53
70983,2024-12-14,1016,502,9,Low,Mechanical,Resolved,4.0,Yes,482.55
70984,2024-04-25,1015,512,5,High,Calibration,Resolved,19.1,Yes,1336.57
70985,2024-03-28,1033,512,10,High,Calibration,Resolved,13.0,Yes,1098.99
70986,2024-12-18,1030,503,1,Low,Calibration,Resolved,5.1,Yes,300.93
70987,2024-06-20,1023,508,10,Low,Mechanical,Resolved,7.3,Yes,627.75
70988,2024-05-06,1019,504,9,Medium,Network,Resolved,6.9,Yes,458.91
70989,2024-03-16,1035,505,8,High,Sensor,Resolved,25.3,Yes,1842.33
70990,2024-08-22,1039,508,2,Low,Sensor,Escalated,5.7,Yes,639.34
70991,2024-11-23,1016,510,7,Low,Sensor,Resolved,7.1,Yes,479.39
70992,2024-02-15,1035,508,9,Low,Software,Resolved,3.6,No,470.75
70993,2024-12-13,1038,509,6,Medium,Network,Resolved,5.9,No,401.3
70994,2024-08-09,1008,501,8,High,Software,Resolved,23.4,Yes,2062.71
70995,2024-12-14,1019,501,8,Low,Mechanical,Resolved,6.2,Yes,445.02
70996,2024-05-24,1023,511,1,High,Mechanical,Resolved,14.1,Yes,999.71
70997,2024-03-11,1006,512,5,Medium,Software,Resolved,6.7,Yes,606.98
70998,2024-08-09,1023,504,7,Medium,Calibration,Resolved,14.2,Yes,899.56
70999,2024-02-20,1038,503,4,High,Sensor,Resolved,23.6,Yes,1753.93
71000,2024-08-01,1030,509,3,Medium,Calibration,Resolved,5.9,Yes,412.75
71001,2024-02-19,1028,508,7,Low,Calibration,Resolved,2.7,No,322.01
71002,2024-01-15,1009,510,5,Critical,,Escalated,31.5,Yes,2661.08
71003,2024-09-19,1009,507,1,Medium,Calibration,Escalated,3.0,No,315.15
71004,2024-08-23,1007,506,10,High,Mechanical,Resolved,6.5,Yes,577.82
71005,2024-10-16,1004,512,4,Medium,Network,Resolved,7.4,No,735.62
71006,2024-10-14,1010,505,5,High,Mechanical,Resolved,18.0,Yes,1152.81
71007,2024-11-15,1014,502,8,Medium,Mechanical,Escalated,8.0,Yes,445.85
71008,2024-08-15,1012,504,9,Medium,Sensor,Escalated,8.0,No,587.04
71009,2024-12-14,1016,503,9,Medium,Network,Resolved,7.1,Yes,372.69
71010,2024-08-31,1024,511,5,Medium,Calibration,Resolved,6.6,Yes,455.98
71011,2024-12-23,1025,501,10,High,Sensor,Resolved,4.6,Yes,313.81
71012,2024-11-26,1023,503,8,Medium,Calibration,Resolved,9.3,Yes,808.64
71013,2024-01-05,1025,509,2,Critical,Software,Resolved,14.2,Yes,1033.79
71014,2024-06-29,1009,505,5,Medium,Calibration,Resolved,12.9,Yes,1051.43
71015,2024-11-26,1034,505,3,Medium,Sensor,Escalated,12.2,Yes,1092.44
71016,2024-10-24,1011,504,2,Medium,Mechanical,Resolved,7.0,Yes,484.41
71017,2024-12-13,1012,512,7,Medium,Calibration,Resolved,8.6,No,764.63
71018,2024-02-01,1024,510,1,Medium,Software,Resolved,0.5,Yes,76.79
71019,2024-02-25,1029,511,5,Medium,Software,Resolved,1.1,Yes,125.93
71020,2024-03-23,1002,511,2,Medium,Software,Resolved,14.7,Yes,1277.64
71021,2024-03-12,1034,508,4,High,Software,Escalated,11.8,Yes,626.81
71022,2024-08-30,1005,508,7,Medium,Calibration,Resolved,10.5,Yes,1118.49
71023,2024-10-18,1022,501,4,Low,Sensor,Resolved,4.3,Yes,371.34
71024,2024-07-18,1005,509,10,High,Software,Escalated,10.7,Yes,1142.0
71025,2024-11-08,1017,511,1,Medium,Mechanical,Resolved,7.1,Yes,463.64
71026,2024-08-03,1036,512,6,Low,Mechanical,Resolved,4.3,Yes,402.99
71027,2024-09-09,1005,507,10,Low,Network,Resolved,7.3,No,634.3
71028,2024-10-09,1032,509,4,Medium,Sensor,Resolved,5.8,Yes,509.5
71029,2024-09-01,1013,509,10,Medium,Calibration,Resolved,13.0,Yes,780.23
71030,2024-10-09,1028,509,3,Medium,Mechanical,Resolved,1.1,Yes,112.79
71031,2024-03-01,1015,502,10,High,Mechanical,Resolved,22.1,Yes,1507.29
71032,2024-07-30,1001,512,4,High,Mechanical,Resolved,15.3,No,1417.53
71033,2024-01-30,1019,503,10,Low,Calibration,Resolved,4.2,Yes,390.56
71034,2024-12-02,1032,512,6,Low,Software,Resolved,4.4,Yes,370.9
71035,2024-06-03,1035,509,2,Critical,Mechanical,Resolved,29.8,Yes,2194.15
71036,2024-07-29,1009,509,4,High,Sensor,Escalated,10.8,Yes,693.72
71037,2024-04-17,1030,502,1,Low,Calibration,Resolved,3.6,Yes,303.57
71038,2024-05-18,1018,510,7,Low,,Resolved,1.2,Yes,138.84
71039,2024-07-14,1020,501,9,Medium,Sensor,Resolved,10.1,yes,701.6
71040,2024-11-07,1038,504,1,High,Sensor,Escalated,17.2,Yes,1553.47
71041,2024-08-10,1019,509,8,High,Calibration,Escalated,19.0,No,1741.62
71042,2024-10-17,1016,503,1,High,Sensor,Resolved,1.6,Yes,252.94
71043,2024-02-13,1018,511,5,Critical,Network,Resolved,29.3,Yes,1444.43
71044,2024-03-04,1029,508,1,Medium,Calibration,Resolved,5.3,Yes,632.61
71045,2024-08-26,1006,505,10,Low,Network,Resolved,2.6,Yes,294.44
71046,2024-02-02,1032,503,4,Medium,Software,Resolved,11.5,Yes,1036.59
71047,2024-11-12,1021,501,9,Medium,Software,Resolved,8.5,Yes,697.11
71048,2024-05-12,1035,512,1,Critical,Network,Resolved,44.2,Yes,4029.19
71049,2024-06-28,1027,502,7,Low,Sensor,Resolved,3.2,Yes,299.31
71050,2024-01-13,1024,508,5,Medium,Network,Resolved,7.9,No,581.28
71051,2024-03-23,1021,509,9,Medium,Network,Resolved,7.5,Yes,435.4
71052,2024-04-20,1006,502,4,Medium,Network,Escalated,9.8,Yes,809.97
71053,2024-10-21,1039,508,9,Medium,Network,Resolved,7.6,Yes,839.5
71054,2024-06-11,1016,506,4,Low,Calibration,Resolved,2.0,No,183.23
71055,2024-02-29,1005,506,8,Medium,Network,Resolved,0.5,Yes,145.37
71056,2024-08-17,1035,504,7,High,Network,Resolved,21.5,Yes,2055.02
71057,2024-11-06,1037,508,4,Low,Software,Resolved,3.7,Yes,441.37
71058,2024-01-08,1031,512,2,Low,,Resolved,5.4,Yes,597.74
71059,2024-08-08,1028,506,3,Low,Calibration,Escalated,4.3,Yes,397.16
71060,2024-05-03,1038,510,10,High,Mechanical,Resolved,18.2,Yes,1817.36
71061,2024-02-07,1019,508,3,High,Software,Escalated,11.7,Yes,959.87
71062,2024-09-17,1030,507,6,Low,Calibration,Resolved,5.4,No,489.84
71063,2024-09-17,1034,509,10,High,Network,Resolved,14.0,Yes,1004.0
71064,2024-05-26,1014,507,9,Medium,Sensor,Escalated,13.4,Yes,768.31
71065,2024-11-11,1011,505,5,Medium,Network,Resolved,6.9,Yes,538.64
71066,2024-04-28,1011,501,10,Medium,Mechanical,Escalated,9.6,Yes,702.27
71067,2024-10-02,1037,507,8,High,Network,Resolved,28.1,Yes,1739.44
71068,2024-08-20,1029,507,8,Low,Sensor,Resolved,4.1,Yes,501.35
71069,2024-03-11,1005,506,3,Critical,Network,Resolved,27.4,Yes,1504.12
71070,2024-05-21,1021,501,7,Medium,Mechanical,Escalated,6.4,No,536.4
71071,2024-06-11,1016,503,10,Low,Calibration,Resolved,1.2,Yes,243.86
71072,2024-12-10,1032,505,3,Low,Software,Resolved,2.9,Yes,254.43
71073,2024-09-21,1012,501,7,High,Sensor,Escalated,16.0,Yes,1223.73
71074,2024-07-13,1012,505,4,Medium,Sensor,Resolved,7.7,Yes,596.23
71075,2024-09-07,1019,507,8,High,Sensor,Resolved,11.3,Yes,603.27
71076,2024-12-05,1023,512,7,Medium,Software,Resolved,9.9,Yes,1057.79
71077,2024-09-07,1027,501,9,Medium,Sensor,Resolved,7.7,Yes,602.49
71078,2024-12-11,1004,505,8,Medium,Software,Resolved,7.3,Yes,581.57
71079,2024-11-21,1008,510,10,High,Sensor,Resolved,13.6,Yes,782.36
71080,2024-11-05,1022,506,9,Medium,Mechanical,Resolved,11.1,No,599.47
71081,2024-09-22,1019,503,6,Low,Sensor,Resolved,0.5,No,181.6
71082,2024-04-20,1034,502,9,Medium,Calibration,Resolved,5.9,Yes,441.71
71083,2024-01-22,1008,507,7,Low,Software,Resolved,3.6,No,275.56
71084,2024-02-13,1002,501,9,Low,Network,Resolved,5.1,Yes,560.76
71085,2024-02-18,1033,512,1,High,Sensor,Resolved,17.1,Yes,1114.69
71086,2024-08-22,1019,507,2,Low,Software,Resolved,3.0,Yes,338.26
71087,2024-10-14,1026,506,9,Low,Mechanical,Resolved,3.5,Yes,423.19
71088,2024-04-24,1031,510,2,Medium,Sensor,Resolved,12.9,Yes,1178.4
71089,2024-03-14,1016,502,3,High,Calibration,Escalated,18.8,Yes,1767.1
71090,2024-08-30,1032,505,7,Medium,Sensor,Resolved,7.8,No,678.23
71091,2024-03-18,1036,508,9,Low,Calibration,Resolved,3.2,No,244.56
71092,2024-11-29,1006,502,7,Low,Mechanical,Resolved,2.0,Yes,258.16
71093,2024-03-06,1003,507,8,High,Software,Escalated,21.6,Yes,1639.55
71094,2024-09-06,1008,507,5,Low,Sensor,Escalated,6.3,No,436.88
71095,2024-06-14,1040,512,6,Medium,Network,Escalated,4.8,Yes,398.38
71096,2024-05-08,1009,503,9,Medium,Calibration,Resolved,11.3,Yes,849.47
71097,2024-06-11,1007,509,8,Medium,Sensor,Resolved,8.7,No,580.93
71098,2024-02-01,1015,506,1,Medium,Software,Resolved,9.0,Yes,569.59
71099,2024-05-25,1017,509,9,High,Software,Resolved,21.7,Yes,1746.67
71100,2024-10-30,1007,503,9,Low,Network,Resolved,2.4,No,208.93
71101,2024-06-18,1031,504,3,Medium,Mechanical,Resolved,10.6,No,998.61
71102,2024-04-20,1001,506,2,Low,Mechanical,Resolved,2.3,No,170.01
71103,2024-09-18,1026,507,7,High,Calibration,Resolved,9.5,Yes,851.84
71104,2024-06-08,1014,503,5,High,Software,Resolved,19.3,Yes,1072.93
71105,2024-10-13,1012,501,6,Medium,Calibration,Resolved,7.2,Yes,785.29
71106,2024-08-05,1025,506,3,Low,Mechanical,Resolved,2.9,Yes,464.29
71107,2024-08-14,1033,501,10,Medium,Sensor,Resolved,9.4,Yes,1036.03
71108,2024-11-27,1017,505,1,Low,Network,Resolved,6.0,Yes,428.37
71109,2024-08-29,1007,501,6,Critical,Mechanical,Escalated,19.2,Yes,1859.04
71110,2024-03-19,1008,501,8,High,Mechanical,Resolved,10.5,Yes,954.15
71111,2024-02-19,1021,512,3,High,Network,Resolved,13.8,Yes,1209.72
71112,2024-09-21,1004,502,4,Low,Network,Resolved,7.1,Yes,607.5
71113,2024-05-16,1001,505,5,Low,Network,Resolved,2.8,Yes,247.9
71114,2024-03-01,1030,502,2,Medium,Mechanical,Resolved,8.9,Yes,832.26
71115,2024-02-14,1024,508,2,Low,Software,Resolved,0.5,No,101.37
71116,2024-12-14,1009,505,1,Medium,Calibration,Resolved,3.5,No,346.99
71117,2024-04-01,1019,505,8,Low,Sensor,Resolved,2.5,No,202.46
71118,2024-09-07,1011,501,10,Medium,Calibration,Resolved,6.7,Yes,674.39
71119,2024-10-02,1022,512,9,Medium,Network,Resolved,11.4,Yes,973.71
71120,2024-02-16,1008,509,3,Medium,Calibration,Resolved,7.9,Yes,508.66
71121,2024-08-27,1023,501,3,Medium,Calibration,Resolved,5.8,Yes,417.05
71122,2024-06-20,1011,508,9,Medium,Software,Resolved,10.2,No,638.87
71123,2024-08-12,1017,512,6,High,Network,Resolved,7.9,Yes,683.37
71124,2024-09-04,1033,502,7,Medium,Calibration,Resolved,9.1,Yes,1029.14
71125,2024-10-22,1034,504,10,Medium,Software,Resolved,11.8,No,1247.83
71126,2024-12-05,1010,506,8,Medium,Calibration,Resolved,8.7,No,889.26
71127,2024-08-23,1014,507,2,Low,Software,Resolved,6.0,Yes,356.63
71128,2024-12-16,1007,508,9,Medium,Calibration,Resolved,13.3,No,650.47
71129,2024-08-29,1009,507,6,Medium,Sensor,Resolved,10.5,No,565.94
71130,2024-11-01,1038,501,4,Medium,Network,Resolved,3.6,Yes,403.17
71131,2024-04-30,1015,503,8,Medium,Software,Resolved,4.8,Yes,581.03
71132,2024-04-18,1010,505,5,Medium,Calibration,Resolved,13.0,Yes,887.02
71133,2024-01-18,1006,506,2,Low,Calibration,Resolved,5.0,Yes,393.49
71134,2024-03-23,1032,511,7,Medium,Calibration,Resolved,7.4,Yes,576.92
71135,2024-06-04,1031,512,6,Medium,Network,Resolved,7.9,No,824.61
71136,2024-02-27,1006,503,1,High,Sensor,Escalated,12.8,No,1005.32
71137,2024-05-12,1008,508,8,Low,Sensor,Resolved,5.0,Yes,307.84
71138,2024-11-02,1002,509,5,Medium,Software,Resolved,3.2,Yes,271.3
71139,2024-07-01,1035,512,7,Medium,Software,Resolved,5.5,Yes,429.96
71140,2024-02-13,1018,506,8,Medium,Network,Resolved,8.9,Yes,573.69
71141,2024-09-25,1007,507,9,Medium,Mechanical,Resolved,10.8,Yes,965.34
71142,2024-11-22,1017,512,2,High,Calibration,Resolved,17.4,Yes,993.54
71143,2024-04-08,1004,506,10,Medium,Calibration,Resolved,12.4,Yes,1195.07
71144,2024-08-11,1003,510,7,Low,Software,Resolved,3.9,Yes,322.0
71145,2024-05-19,1021,502,4,Low,Software,Resolved,4.7,Yes,379.31
71146,2024-12-29,1030,510,7,Medium,Network,Resolved,13.4,Yes,944.01
71147,2024-10-04,1030,512,8,Medium,Software,Escalated,8.5,Yes,629.69
71148,2024-12-23,1037,502,8,Low,Network,Resolved,3.9,Yes,393.0
71149,2024-02-12,1002,503,10,Low,Network,Resolved,5.5,Yes,475.63
71150,2024-11-15,1019,509,8,Medium,Software,Resolved,7.7,Yes,754.11
71151,2024-10-02,1037,505,3,Low,Software,Resolved,1.6,Yes,288.05
71152,2024-10-08,1021,506,2,Medium,Sensor,Escalated,4.1,No,398.09
71153,2024-10-01,1011,503,7,Medium,Sensor,Resolved,8.5,No,690.59
71154,2024-09-29,1007,507,10,High,Calibration,Resolved,22.4,No,1885.94
71155,2024-07-29,1037,512,7,Low,Mechanical,Resolved,5.1,Yes,392.35
71156,2024-11-08,1024,501,10,Low,Calibration,Escalated,4.2,Yes,324.48
71157,2024-09-18,1013,506,3,High,Sensor,Resolved,18.2,Yes,1666.47
71158,2024-01-16,1016,503,8,Low,Network,Resolved,3.2,Yes,311.79
71159,2024-11-05,1003,511,7,High,Network,Resolved,25.7,Yes,2116.9
71160,2024-07-16,1008,512,10,Low,Network,Resolved,1.5,Yes,235.88
71161,2024-08-12,1024,507,9,Medium,Calibration,Resolved,7.6,Yes,812.86
71162,2024-03-04,1008,512,3,Low,Sensor,Resolved,2.7,No,348.19
71163,2024-12-02,1005,508,8,Medium,Software,Resolved,12.9,Yes,778.71
71164,2024-06-24,1037,505,10,Low,Mechanical,Resolved,2.5,Yes,356.84
71165,2024-03-16,1011,510,5,Medium,Calibration,Resolved,14.5,Yes,1245.21
71166,2024-12-10,1019,507,5,Low,Software,Resolved,4.5,No,405.27
71167,2024-04-18,1034,507,8,Medium,Network,Resolved,8.3,Yes,761.21
71168,2024-06-25,1025,508,3,Medium,Network,Resolved,8.4,Yes,702.66
71169,2024-03-30,1010,505,10,Medium,Mechanical,Resolved,4.5,Yes,310.24
71170,2024-07-01,1034,504,4,Medium,Sensor,Resolved,11.3,Yes,891.53
71171,2024-07-23,1035,502,1,Medium,Calibration,Escalated,11.6,Yes,1252.15
71172,2024-09-24,1016,504,8,Low,Software,Resolved,3.4,Yes,422.85
71173,2024-11-07,1009,509,5,Low,Mechanical,Resolved,3.5,No,501.16
71174,2024-04-26,1004,506,2,Low,Software,Resolved,6.6,No,492.19
71175,2024-02-29,1001,510,7,Medium,Mechanical,Resolved,6.5,Yes,560.94
71176,2024-11-25,1001,505,7,Low,Network,Resolved,4.1,No,412.58
71177,2024-09-09,1035,504,6,Medium,Sensor,Escalated,6.3,Yes,554.32
71178,2024-09-14,1032,501,6,Medium,Network,Resolved,11.2,Yes,1241.47
71179,2024-09-10,1035,503,4,Low,Mechanical,Resolved,5.6,Yes,610.86
71180,2024-04-19,1020,510,4,Medium,Network,Resolved,9.4,Yes,888.16
71181,2024-06-14,1034,508,10,Low,Calibration,Resolved,4.3,No,372.96
71182,2024-04-27,1010,505,6,Critical,Sensor,Resolved,8.4,Yes,812.27
71183,2024-08-18,1027,506,3,Medium,Calibration,Resolved,3.0,Yes,305.95
71184,2024-01-10,1024,501,6,High,Calibration,Resolved,11.8,Yes,987.68
71185,2024-06-15,1005,504,3,Medium,,Resolved,7.6,Yes,578.55
71186,2024-10-30,1032,504,5,Medium,Network,Escalated,2.3,No,247.49
71187,2024-07-11,1031,503,2,Low,Sensor,Resolved,5.4,Yes,432.46
71188,2024-03-18,1029,504,6,High,Network,Escalated,18.0,Yes,1447.81
71189,2024-12-04,1021,506,8,Low,Software,Resolved,2.7,Yes,257.97
71190,2024-06-13,1017,505,10,Medium,Mechanical,Resolved,7.5,Yes,604.36
71191,2024-03-02,1033,506,1,Medium,Network,Resolved,2.8,No,273.29
71192,2024-01-17,1019,510,6,Critical,Mechanical,Resolved,36.9,No,2380.93
71193,2024-10-16,1037,508,10,Low,Software,Resolved,3.3,Yes,406.5
71194,2024-12-16,1010,511,6,Medium,Mechanical,Resolved,7.4,Yes,678.47
71195,2024-11-27,1026,510,5,Medium,Mechanical,Escalated,2.7,No,429.64
71196,2024-07-18,1015,510,6,Low,Network,Resolved,4.8,Yes,385.11
71197,2024-11-30,1010,504,3,Medium,Software,Resolved,8.5,Yes,932.74
71198,2024-04-02,1009,509,6,Low,Mechanical,Resolved,1.9,Yes,202.33
71199,2024-06-10,1014,506,1,Critical,Software,Resolved,23.9,Yes,2321.69
71200,2024-03-04,1014,507,1,High,Calibration,Resolved,12.4,Yes,987.16
